,season,round,pick,team,gsis_id,position
0,1998,1,1,IND,00-0010346,QB
8,1998,1,9,JAX,00-0016098,RB
20,1998,1,21,MIN,00-0011754,WR
59,1998,2,60,DET,00-0000865,QB
186,1998,6,187,GNB,00-0007091,QB
245,1999,1,5,NOR,00-0017915,RB
345,1999,4,105,BAL,00-0015754,WR
453,1999,7,213,GNB,00-0004541,WR
500,2000,1,7,ARI,00-0019641,RB
501,2000,1,8,PIT,00-0019642,WR
510,2000,1,17,OAK,00-0019646,K
568,2000,3,75,BAL,00-0019709,QB
649,2000,5,156,BUF,00-0019484,RB
692,2000,6,199,NWE,00-0019596,QB
752,2001,1,5,SDG,00-0020536,RB
763,2001,1,16,NYJ,00-0020494,WR
777,2001,1,30,IND,00-0020498,WR
778,2001,1,31,BAL,00-0020516,TE
779,2001,2,32,SDG,00-0020531,QB
783,2001,2,36,CIN,00-0020397,WR
821,2001,3,74,CAR,00-0020337,WR
868,2001,4,121,PHI,00-0020270,RB
994,2002,1,1,HOU,00-0020608,QB
1026,2002,2,33,HOU,00-0021163,WR
1044,2002,2,51,DEN,00-0021179,RB
1047,2002,2,54,SEA,00-0021182,RB
1049,2002,2,56,WAS,00-0021184,RB
1058,2002,2,65,NWE,00-0021192,WR
1074,2002,3,81,ARI,00-0021206,QB
1084,2002,3,91,PHI,00-0021216,RB
1101,2002,4,108,JAX,00-0021231,QB
1107,2002,4,114,MIA,00-0021236,TE
1200,2002,6,207,BAL,00-0021314,RB
1255,2003,1,1,CIN,00-0021429,QB
1257,2003,1,3,HOU,00-0022044,WR
1261,2003,1,7,JAX,00-0022177,QB
1276,2003,1,22,CHI,00-0022121,QB
1277,2003,1,23,BUF,00-0022178,RB
1278,2003,1,24,IND,00-0022165,TE
1308,2003,2,54,ARI,00-0022084,WR
1323,2003,3,69,DAL,00-0022127,TE
1325,2003,3,71,MIN,00-0021999,WR
1345,2003,3,91,NYG,00-0022054,TE
1364,2003,4,110,SEA,00-0022055,QB
1378,2003,4,124,SFO,00-0022097,WR
1509,2003,7,255,NYG,00-0021931,WR
1517,2004,1,1,SDG,00-0022803,QB
1519,2004,1,3,ARI,00-0022921,WR
1520,2004,1,4,NYG,00-0022942,QB
1522,2004,1,6,CLE,00-0022922,TE
1527,2004,1,11,PIT,00-0022924,QB
1540,2004,1,24,STL,00-0022736,RB
1545,2004,1,29,ATL,00-0022781,WR
1548,2004,1,32,NWE,00-0022943,TE
1559,2004,2,43,DAL,00-0022840,RB
1566,2004,2,50,NOR,00-0022929,WR
1597,2004,3,81,WAS,00-0022738,TE
1606,2004,3,90,ATL,00-0022787,QB
1624,2004,4,108,NYJ,00-0022811,WR
1635,2004,4,119,MIN,00-0022217,RB
1670,2004,5,154,SDG,00-0022821,RB
1751,2004,7,235,NYJ,00-0022770,RB
1772,2005,1,1,SFO,00-0023436,QB
1773,2005,1,2,MIA,00-0023437,RB
1774,2005,1,3,CLE,00-0023438,WR
1775,2005,1,4,CHI,00-0023439,RB
1795,2005,1,24,GNB,00-0023459,QB
1796,2005,1,25,WAS,00-0023460,QB
1798,2005,1,27,ATL,00-0023462,WR
1801,2005,1,30,PIT,00-0023465,TE
1818,2005,2,47,NYJ,00-0023482,K
1832,2005,2,61,SDG,00-0023496,WR
1836,2005,3,65,SFO,00-0023500,RB
1877,2005,4,106,CHI,00-0023541,QB
1881,2005,4,110,NYG,00-0023545,RB
1901,2005,4,130,SDG,00-0023564,RB
1916,2005,5,145,DET,00-0023578,QB
1969,2005,6,198,NYJ,00-0023630,TE
1984,2005,6,213,BAL,00-0023645,QB
2001,2005,7,230,NWE,00-0023662,QB
2021,2005,7,250,STL,00-0023682,QB
2028,2006,1,2,NOR,00-0024217,RB
2029,2006,1,3,TEN,00-0024218,QB
2032,2006,1,6,SFO,00-0024221,TE
2036,2006,1,10,ARI,00-0024225,QB
2037,2006,1,11,DEN,00-0024226,QB
2047,2006,1,21,NWE,00-0024236,RB
2051,2006,1,25,PIT,00-0024240,WR
2053,2006,1,27,CAR,00-0024242,RB
2054,2006,1,28,JAX,00-0024243,TE
2056,2006,1,30,IND,00-0024245,RB
2075,2006,2,49,NYJ,00-0024264,QB
2078,2006,2,52,GNB,00-0024267,WR
2079,2006,2,53,DAL,00-0024268,TE
2086,2006,2,60,JAX,00-0024275,RB
2087,2006,2,61,DEN,00-0024276,TE
2090,2006,2,64,MIN,00-0024279,QB
2105,2006,3,79,ATL,00-0024294,RB
2107,2006,3,81,SDG,00-0024296,QB
2124,2006,4,98,HOU,00-0024313,TE
2129,2006,4,103,NYJ,00-0024318,QB
2135,2006,4,109,PHI,00-0024324,WR
2143,2006,4,117,NYJ,00-0024332,RB
2144,2006,4,118,NWE,00-0024333,K
2145,2006,4,119,DEN,00-0024334,WR
2156,2006,4,130,DEN,00-0024345,WR
2171,2006,5,145,CLE,00-0024359,RB
2181,2006,5,155,CAR,00-0024369,TE
2201,2006,6,175,SFO,00-0024389,WR
2220,2006,6,194,TAM,00-0024408,QB
2259,2006,7,233,MIA,00-0024447,WR
2275,2006,7,249,SEA,00-0024463,WR
2278,2006,7,252,NOR,00-0024466,WR
2283,2007,1,2,DET,00-0025389,WR
2288,2007,1,7,MIN,00-0025394,RB
2290,2007,1,9,MIA,00-0025396,WR
2293,2007,1,12,BUF,00-0025399,RB
2303,2007,1,22,CLE,00-0025409,QB
2304,2007,1,23,KAN,00-0025410,WR
2308,2007,1,27,NOR,00-0025414,WR
2312,2007,1,31,CHI,00-0025418,TE
2317,2007,2,36,PHI,00-0025423,QB
2319,2007,2,38,OAK,00-0025425,TE
2324,2007,2,43,DET,00-0025430,QB
2325,2007,2,44,MIN,00-0025431,WR
2332,2007,2,51,NYG,00-0025438,WR
2333,2007,2,52,STL,00-0025439,RB
2344,2007,2,63,GNB,00-0025450,RB
2352,2007,3,71,MIA,00-0025458,RB
2354,2007,3,73,HOU,00-0025460,WR
2356,2007,3,75,ATL,00-0025462,WR
2359,2007,3,78,GNB,00-0025465,WR
2381,2007,4,100,OAK,00-0025487,RB
2410,2007,4,129,SDG,00-0025516,TE
2418,2007,4,137,BAL,00-0025524,RB
2423,2007,5,142,ARI,00-0025529,WR
2434,2007,5,153,NYG,00-0025540,TE
2436,2007,5,155,CAR,00-0025542,TE
2443,2007,5,162,PHI,00-0025549,TE
2459,2007,6,178,DAL,00-0025565,K
2474,2007,6,193,GNB,00-0025580,K
2524,2007,7,243,GNB,00-0025630,TE
2525,2007,7,244,ATL,00-0025631,RB
2527,2007,7,246,TAM,00-0025633,RB
2531,2007,7,250,NYG,00-0025637,RB
2539,2008,1,3,ATL,00-0026143,QB
2540,2008,1,4,OAK,00-0026144,RB
2549,2008,1,13,CAR,00-0026153,RB
2554,2008,1,18,BAL,00-0026158,QB
2558,2008,1,22,DAL,00-0026162,RB
2559,2008,1,23,PIT,00-0026163,RB
2560,2008,1,24,TEN,00-0026164,RB
2566,2008,1,30,NYJ,00-0026170,TE
2569,2008,2,33,STL,00-0026173,WR
2572,2008,2,36,GNB,00-0026176,WR
2574,2008,2,38,SEA,00-0026178,TE
2578,2008,2,42,DEN,00-0026182,WR
2580,2008,2,44,CHI,00-0026184,RB
2582,2008,2,46,CIN,00-0026186,WR
2584,2008,2,48,WAS,00-0026188,TE
2585,2008,2,49,PHI,00-0026189,WR
2591,2008,2,55,BAL,00-0026195,RB
2593,2008,2,57,MIA,00-0026197,QB
2597,2008,2,61,DAL,00-0026201,TE
2600,2008,3,64,DET,00-0026204,RB
2605,2008,3,69,SDG,00-0026209,FB
2606,2008,3,70,CHI,00-0026210,WR
2609,2008,3,73,KAN,00-0026213,RB
2617,2008,3,81,ARI,00-0026221,WR
2620,2008,3,84,ATL,00-0026224,WR
2621,2008,3,85,TEN,00-0026225,TE
2625,2008,3,89,HOU,00-0026229,RB
2627,2008,3,91,GNB,00-0026231,TE
2631,2008,3,95,NYG,00-0026235,WR
2633,2008,3,97,CIN,00-0026237,WR
2658,2008,4,122,DAL,00-0026262,RB
2662,2008,4,126,TEN,00-0026266,WR
2663,2008,4,127,IND,00-0026267,TE
2675,2008,5,139,DEN,00-0026279,RB
2677,2008,5,141,CAR,00-0026281,TE
2682,2008,5,146,DET,00-0026286,FB
2685,2008,5,149,ARI,00-0026289,RB
2689,2008,5,153,NWE,00-0026293,WR
2694,2008,5,158,CHI,00-0026298,TE
2696,2008,5,160,TAM,00-0026300,QB
2710,2008,6,174,SFO,00-0026314,WR
2712,2008,6,176,MIA,00-0026316,RB
2738,2008,6,202,IND,00-0026342,RB
2741,2008,6,205,IND,00-0026345,WR
2745,2008,7,209,GNB,00-0026349,QB
2762,2008,7,226,OAK,00-0026366,WR
2763,2008,7,227,DEN,00-0026367,FB
2769,2008,7,233,SEA,00-0026373,RB
2789,2009,1,1,DET,00-0026498,QB
2793,2009,1,5,NYJ,00-0026898,QB
2795,2009,1,7,OAK,00-0026983,WR
2798,2009,1,10,SFO,00-0026986,WR
2800,2009,1,12,DEN,00-0026988,RB
2805,2009,1,17,TAM,00-0026993,QB
2807,2009,1,19,PHI,00-0026995,WR
2808,2009,1,20,DET,00-0026996,TE
2810,2009,1,22,MIN,00-0026998,WR
2815,2009,1,27,IND,00-0027003,RB
2817,2009,1,29,NYG,00-0027005,WR
2818,2009,1,30,TEN,00-0027006,WR
2819,2009,1,31,ARI,00-0027007,RB
2838,2009,2,50,CLE,00-0027026,WR
2841,2009,2,53,PHI,00-0027029,RB
2853,2009,3,65,NYJ,00-0026899,RB
2871,2009,3,83,NWE,00-0027057,WR
2872,2009,3,84,PIT,00-0026901,WR
2873,2009,3,85,NYG,00-0026902,WR
2877,2009,3,89,TEN,00-0027061,TE
2888,2009,3,100,NYG,00-0027070,TE
2889,2009,4,101,DAL,00-0027071,QB
2895,2009,4,107,JAX,00-0027076,WR
2896,2009,4,108,MIA,00-0027077,WR
2899,2009,4,111,CAR,00-0027080,RB
2912,2009,4,124,OAK,00-0027089,WR
2915,2009,4,127,IND,00-0027092,WR
2917,2009,4,129,NYG,00-0027094,RB
2928,2009,5,140,CHI,00-0026913,WR
2961,2009,5,173,TEN,00-0027120,RB
2968,2009,6,180,JAX,00-0027125,TE
2972,2009,6,184,SFO,00-0026931,TE
2973,2009,6,185,BAL,00-0026932,RB
2982,2009,6,194,PHI,00-0026937,WR
2990,2009,6,202,OAK,00-0027135,TE
2996,2009,6,208,DAL,00-0027139,TE
2997,2009,6,209,CIN,00-0026941,RB
2999,2009,7,211,STL,00-0027140,RB
3020,2009,7,232,NWE,00-0027150,WR
3028,2009,7,240,ARI,00-0026956,RB
3029,2009,7,241,PIT,00-0026957,TE
3038,2009,7,250,JAX,00-0027155,RB
3044,2009,7,256,KAN,00-0026968,K
3045,2010,1,1,STL,00-0027854,QB
3053,2010,1,9,BUF,00-0027861,RB
3056,2010,1,12,SDG,00-0027864,RB
3065,2010,1,21,CIN,00-0027873,TE
3066,2010,1,22,DEN,00-0027874,WR
3068,2010,1,24,DAL,00-0027902,WR
3074,2010,1,30,DET,00-0027880,RB
3080,2010,2,36,KAN,00-0027651,WR
3083,2010,2,39,TAM,00-0027654,WR
3086,2010,2,42,NWE,00-0027656,TE
3092,2010,2,48,CAR,00-0027659,QB
3095,2010,2,51,MIN,00-0027888,RB
3102,2010,2,58,HOU,00-0027890,RB
3103,2010,2,59,CLE,00-0027666,RB
3104,2010,2,60,SEA,00-0027891,WR
3114,2010,3,70,BAL,00-0027675,TE
3121,2010,3,77,TEN,00-0027893,WR
3122,2010,3,78,CAR,00-0027681,WR
3126,2010,3,82,PIT,00-0027685,WR
3128,2010,3,84,CIN,00-0027687,WR
3129,2010,3,85,CLE,00-0027688,QB
3131,2010,3,87,DEN,00-0027690,WR
3132,2010,3,88,ARI,00-0027691,WR
3137,2010,3,93,KAN,00-0027695,TE
3139,2010,3,95,NOR,00-0027696,TE
3145,2010,4,101,TAM,00-0027702,WR
3152,2010,4,108,OAK,00-0027709,WR
3156,2010,4,112,NYJ,00-0027712,RB
3157,2010,4,113,NWE,00-0027713,TE
3158,2010,4,114,BAL,00-0027714,TE
3162,2010,4,118,HOU,00-0027718,TE
3166,2010,4,122,PHI,00-0027722,QB
3169,2010,4,125,PHI,00-0027725,TE
3176,2010,5,132,STL,00-0027732,TE
3199,2010,5,155,ARI,00-0027754,QB
3203,2010,5,159,PHI,00-0027758,WR
3217,2010,6,173,SFO,00-0027772,RB
3224,2010,6,180,JAX,00-0027779,RB
3232,2010,6,188,PIT,00-0027786,RB
3235,2010,6,191,CIN,00-0027789,WR
3237,2010,6,193,GNB,00-0027791,RB
3239,2010,6,195,PIT,00-0027793,WR
3242,2010,6,198,CAR,00-0027795,WR
3243,2010,6,199,MIN,00-0027796,WR
3300,2011,1,1,CAR,00-0027939,QB
3303,2011,1,4,CIN,00-0027942,WR
3305,2011,1,6,ATL,00-0027944,WR
3307,2011,1,8,TEN,00-0027946,QB
3309,2011,1,10,JAX,00-0027948,QB
3311,2011,1,12,MIN,00-0027950,QB
3327,2011,1,28,NOR,00-0027966,RB
3334,2011,2,35,CIN,00-0027973,QB
3335,2011,2,36,SFO,00-0027974,QB
3337,2011,2,38,ARI,00-0027976,RB
3342,2011,2,43,MIN,00-0027981,TE
3343,2011,2,44,DET,00-0027982,WR
3346,2011,2,47,STL,00-0027985,TE
3355,2011,2,56,NWE,00-0027994,RB
3356,2011,2,57,DET,00-0027995,RB
3357,2011,2,58,BAL,00-0027996,WR
3358,2011,2,59,CLE,00-0027997,WR
3361,2011,2,62,MIA,00-0028000,RB
3363,2011,2,64,GNB,00-0028002,WR
3370,2011,3,71,DAL,00-0028009,RB
3372,2011,3,73,NWE,00-0028011,RB
3373,2011,3,74,NWE,00-0028012,QB
3377,2011,3,78,STL,00-0028016,WR
3378,2011,3,79,WAS,00-0028017,WR
3381,2011,3,82,SDG,00-0028020,WR
3382,2011,3,83,NYG,00-0028021,WR
3395,2011,3,96,GNB,00-0028034,RB
3401,2011,4,102,CLE,00-0028040,TE
3403,2011,4,104,TAM,00-0028042,TE
3404,2011,4,105,WAS,00-0028043,RB
3411,2011,4,112,STL,00-0028050,WR
3413,2011,4,114,JAX,00-0028052,WR
3414,2011,4,115,SFO,00-0028053,RB
3418,2011,4,119,IND,00-0028057,RB
3422,2011,4,123,BAL,00-0028061,WR
3424,2011,4,125,OAK,00-0028063,RB
3425,2011,4,126,NYJ,00-0028064,RB
3428,2011,4,129,DEN,00-0028067,TE
3429,2011,4,130,TEN,00-0028068,RB
3434,2011,5,135,KAN,00-0028073,QB
3435,2011,5,136,ARI,00-0028074,RB
3440,2011,5,141,GNB,00-0028079,TE
3444,2011,5,145,ATL,00-0028083,RB
3447,2011,5,148,OAK,00-0028086,WR
3448,2011,5,149,PHI,00-0028087,RB
3451,2011,5,152,HOU,00-0028090,QB
3452,2011,5,153,NYJ,00-0028091,WR
3454,2011,5,155,WAS,00-0028093,WR
3458,2011,5,159,NWE,00-0028097,TE
3473,2011,6,174,MIA,00-0028112,TE
3475,2011,6,176,DAL,00-0028114,WR
3476,2011,6,177,WAS,00-0028115,RB
3477,2011,6,178,WAS,00-0028116,WR
3479,2011,6,180,BAL,00-0028118,QB
3482,2011,6,183,SDG,00-0028121,RB
3503,2011,7,204,DEN,00-0028142,TE
3520,2011,7,221,NYG,00-0028159,RB
3524,2011,7,225,BAL,00-0028163,RB
3531,2011,7,232,PIT,00-0028170,RB
3540,2011,7,241,OAK,00-0028179,WR
3554,2012,1,1,IND,00-0029668,QB
3555,2012,1,2,WAS,00-0029665,QB
3556,2012,1,3,CLE,00-0029675,RB
3558,2012,1,5,JAX,00-0029707,WR
3561,2012,1,8,MIA,00-0029701,QB
3566,2012,1,13,ARI,00-0029638,WR
3573,2012,1,20,TEN,00-0029708,WR
3575,2012,1,22,CLE,00-0029677,QB
3583,2012,1,30,SFO,00-0029654,WR
3584,2012,1,31,TAM,00-0029613,RB
3585,2012,1,32,NYG,00-0029251,RB
3586,2012,2,33,STL,00-0029640,WR
3587,2012,2,34,IND,00-0029697,TE
3596,2012,2,43,NYJ,00-0028995,WR
3598,2012,2,45,CHI,00-0029137,WR
3603,2012,2,50,STL,00-0029626,RB
3607,2012,2,54,DET,00-0029209,WR
3610,2012,2,57,DEN,00-0029682,QB
3614,2012,2,61,SFO,00-0029260,RB
3616,2012,2,63,NYG,00-0029262,WR
3617,2012,3,64,IND,00-0029689,TE
3620,2012,3,67,DEN,00-0029683,RB
3621,2012,3,68,HOU,00-0029673,WR
3622,2012,3,69,BUF,00-0029660,WR
3628,2012,3,75,SEA,00-0029263,QB
3631,2012,3,78,MIA,00-0029694,TE
3636,2012,3,83,CIN,00-0029632,WR
3637,2012,3,84,BAL,00-0029264,RB
3641,2012,3,88,PHI,00-0029567,QB
3645,2012,3,92,IND,00-0029608,WR
3649,2012,4,96,STL,00-0029614,WR
3650,2012,4,97,MIA,00-0029615,RB
3653,2012,4,100,CLE,00-0029269,WR
3655,2012,4,102,WAS,00-0029604,QB
3657,2012,4,104,CAR,00-0029271,WR
3659,2012,4,106,SEA,00-0029273,RB
3663,2012,4,110,SDG,00-0029275,TE
3669,2012,4,116,CIN,00-0029414,TE
3671,2012,4,118,MIN,00-0029572,WR
3674,2012,4,121,HOU,00-0029415,WR
3675,2012,4,122,NOR,00-0029667,WR
3681,2012,4,128,MIN,00-0029587,RB
3712,2012,5,159,PIT,00-0029140,RB
3714,2012,5,161,HOU,00-0029421,K
3719,2012,5,166,CIN,00-0029293,WR
3721,2012,5,168,OAK,00-0029702,WR
3723,2012,5,170,IND,00-0029547,RB
3724,2012,6,171,STL,00-0029621,K
3726,2012,6,173,WAS,00-0029141,RB
3728,2012,6,175,MIN,00-0029576,K
3735,2012,6,182,KAN,00-0029298,RB
3738,2012,6,185,ARI,00-0029531,QB
3744,2012,6,191,CIN,00-0029588,RB
3755,2012,6,202,NYJ,00-0029427,RB
3759,2012,6,206,IND,00-0029548,WR
3765,2012,7,212,TAM,00-0029145,RB
3780,2012,7,227,MIA,00-0029580,WR
3782,2012,7,229,PHI,00-0029429,RB
3803,2012,7,250,SDG,00-0029317,RB
3805,2012,7,252,STL,00-0029612,RB
3814,2013,1,8,STL,00-0030525,WR
3822,2013,1,16,BUF,00-0030526,QB
3827,2013,1,21,CIN,00-0030549,TE
3833,2013,1,27,HOU,00-0030564,WR
3835,2013,1,29,MIN,00-0030578,WR
3840,2013,2,34,TEN,00-0030521,WR
3841,2013,2,35,PHI,00-0030061,TE
3843,2013,2,37,CIN,00-0030456,RB
3845,2013,2,39,NYJ,00-0030565,QB
3847,2013,2,41,BUF,00-0030431,WR
3853,2013,2,47,DAL,00-0030544,TE
3854,2013,2,48,PIT,00-0030496,RB
3861,2013,2,55,SFO,00-0030470,TE
3864,2013,2,58,DEN,00-0030522,RB
3865,2013,2,59,NWE,00-0030540,WR
3867,2013,2,61,GNB,00-0030485,RB
3868,2013,2,62,SEA,00-0030432,RB
3869,2013,3,63,KAN,00-0030506,TE
3879,2013,3,73,TAM,00-0030520,QB
3880,2013,3,74,DAL,00-0030542,WR
3882,2013,3,76,SDG,00-0030279,WR
3884,2013,3,78,BUF,00-0030068,WR
3885,2013,3,79,PIT,00-0030460,WR
3891,2013,3,85,WAS,00-0030472,TE
3898,2013,3,92,STL,00-0030532,WR
3902,2013,3,96,KAN,00-0030280,RB
3904,2013,4,98,PHI,00-0030533,QB
3907,2013,4,101,JAX,00-0030550,WR
3908,2013,4,102,NWE,00-0030474,WR
3912,2013,4,106,MIA,00-0030422,TE
3918,2013,4,112,OAK,00-0030568,QB
3921,2013,4,115,PIT,00-0030524,QB
3931,2013,4,125,GNB,00-0030078,RB
3934,2013,4,128,SFO,00-0030450,WR
3936,2013,4,130,BAL,00-0029892,RB
3939,2013,4,133,ATL,00-0030443,TE
3941,2013,5,135,JAX,00-0030547,WR
3946,2013,5,140,ARI,00-0030282,RB
3950,2013,5,144,NOR,00-0030085,WR
3957,2013,5,151,DAL,00-0030388,RB
3960,2013,5,154,WAS,00-0030404,RB
3964,2013,5,158,SEA,00-0030089,TE
3966,2013,5,160,STL,00-0030536,RB
3967,2013,5,161,DEN,00-0030091,WR
3970,2013,5,164,MIA,00-0030433,RB
3972,2013,5,166,MIA,00-0030390,K
3978,2013,6,172,OAK,00-0030512,TE
3983,2013,6,177,BUF,00-0030098,K
3987,2013,6,181,OAK,00-0030513,RB
3988,2013,6,182,CAR,00-0030465,RB
3990,2013,6,184,OAK,00-0030514,TE
3993,2013,6,187,ARI,00-0030287,RB
3995,2013,6,189,TAM,00-0030391,RB
3996,2013,6,190,CIN,00-0030288,RB
4000,2013,6,194,SEA,00-0030414,RB
4003,2013,6,197,CIN,00-0030290,WR
4005,2013,6,199,DET,00-0030107,RB
4007,2013,6,201,HOU,00-0030108,TE
4015,2013,7,209,OAK,00-0030516,WR
4021,2013,7,215,NYJ,00-0030112,RB
4022,2013,7,216,GNB,00-0030113,WR
4028,2013,7,222,BUF,00-0030049,TE
4036,2013,7,230,IND,00-0030117,RB
4042,2013,7,236,CHI,00-0030047,WR
4044,2013,7,238,BAL,00-0029896,WR
4059,2013,7,253,NYG,00-0030128,RB
4063,2014,1,3,JAX,00-0031407,QB
4064,2014,1,4,BUF,00-0031325,WR
4067,2014,1,7,TAM,00-0031408,WR
4070,2014,1,10,DET,00-0031387,TE
4072,2014,1,12,NYG,00-0031235,WR
4080,2014,1,20,NOR,00-0031236,WR
4082,2014,1,22,CLE,00-0031409,QB
4088,2014,1,28,CAR,00-0031359,WR
4092,2014,1,32,MIN,00-0031237,QB
4096,2014,2,36,OAK,00-0031280,QB
4098,2014,2,38,TAM,00-0031418,TE
4099,2014,2,39,JAX,00-0031431,WR
4102,2014,2,42,PHI,00-0031299,WR
4105,2014,2,45,SEA,00-0031257,WR
4109,2014,2,49,NYJ,00-0031042,TE
4112,2014,2,52,ARI,00-0031044,TE
4113,2014,2,53,GNB,00-0031381,WR
4114,2014,2,54,TEN,00-0031413,RB
4115,2014,2,55,CIN,00-0031301,RB
4116,2014,2,56,DEN,00-0031344,WR
4117,2014,2,57,SFO,00-0031045,RB
4121,2014,2,61,JAX,00-0031428,WR
4122,2014,2,62,NWE,00-0031345,QB
4123,2014,2,63,MIA,00-0031382,WR
4125,2014,3,65,HOU,00-0031302,TE
4129,2014,3,69,TAM,00-0031390,RB
4135,2014,3,75,STL,00-0031391,RB
4146,2014,3,86,PHI,00-0030990,WR
4150,2014,3,90,IND,00-0031339,WR
4151,2014,3,91,ARI,00-0031051,WR
4154,2014,3,94,CLE,00-0031375,RB
4156,2014,3,96,MIN,00-0031376,RB
4157,2014,3,97,PIT,00-0031392,WR
4158,2014,3,98,GNB,00-0031384,TE
4159,2014,3,99,BAL,00-0030992,TE
4163,2014,4,103,ATL,00-0031285,RB
4164,2014,4,104,NYJ,00-0031053,WR
4166,2014,4,106,SFO,00-0031326,WR
4173,2014,4,113,NYG,00-0031055,RB
4177,2014,4,117,CHI,00-0031057,RB
4178,2014,4,118,PIT,00-0031373,WR
4180,2014,4,120,ARI,00-0031260,QB
4184,2014,4,124,KAN,00-0031060,RB
4190,2014,4,130,NWE,00-0031062,RB
4195,2014,4,135,HOU,00-0031064,QB
4198,2014,4,138,BAL,00-0031066,RB
4202,2014,5,142,WAS,00-0031068,WR
4206,2014,5,146,DAL,00-0031310,WR
4215,2014,5,155,MIA,00-0031286,TE
4223,2014,5,163,KAN,00-0031287,QB
4224,2014,5,164,CIN,00-0031288,QB
4236,2014,5,176,GNB,00-0031021,WR
4238,2014,6,178,TEN,00-0031266,QB
4241,2014,6,181,HOU,00-0031075,RB
4243,2014,6,183,CHI,00-0031076,QB
4245,2014,6,185,TAM,00-0031187,WR
4246,2014,6,186,WAS,00-0031078,RB
4249,2014,6,189,DET,00-0031189,WR
4250,2014,6,190,MIA,00-0031315,WR
4261,2014,6,201,SDG,00-0030999,RB
4264,2014,6,204,CAR,00-0031190,RB
4269,2014,6,209,NYJ,00-0031023,WR
4271,2014,6,211,HOU,00-0031085,FB
4274,2014,6,214,STL,00-0031395,QB
4278,2014,7,218,BAL,00-0031025,WR
4282,2014,7,222,JAX,00-0031243,RB
4296,2014,7,236,GNB,00-0031001,WR
4299,2014,7,239,CIN,00-0031291,WR
4317,2015,1,1,TAM,00-0031503,QB
4318,2015,1,2,TEN,00-0032268,QB
4320,2015,1,4,OAK,00-0031544,WR
4323,2015,1,7,CHI,00-0031545,WR
4326,2015,1,10,STL,00-0032241,RB
4330,2015,1,14,MIA,00-0031547,WR
4331,2015,1,15,SDG,00-0032144,RB
4336,2015,1,20,PHI,00-0031549,WR
4342,2015,1,26,BAL,00-0032054,WR
4345,2015,1,29,IND,00-0032208,WR
4352,2015,2,36,JAX,00-0032209,RB
4353,2015,2,37,NYJ,00-0031934,WR
4356,2015,2,40,TEN,00-0032218,WR
4357,2015,2,41,CAR,00-0032055,WR
4370,2015,2,54,DET,00-0032104,RB
4371,2015,2,55,BAL,00-0031558,TE
4384,2015,3,68,OAK,00-0032256,TE
4385,2015,3,69,SEA,00-0032211,WR
4386,2015,3,70,HOU,00-0031560,WR
4389,2015,3,73,ATL,00-0032058,RB
4391,2015,3,75,NOR,00-0032148,QB
4392,2015,3,76,KAN,00-0032128,WR
4393,2015,3,77,CLE,00-0032257,RB
4401,2015,3,85,CIN,00-0032214,TE
4402,2015,3,86,ARI,00-0032187,RB
4403,2015,3,87,PIT,00-0032166,WR
4405,2015,3,89,STL,00-0032245,QB
4408,2015,3,92,DEN,00-0032227,TE
4410,2015,3,94,GNB,00-0032200,WR
4411,2015,3,95,WAS,00-0031939,RB
4419,2015,4,103,NYJ,00-0031568,QB
4421,2015,4,105,WAS,00-0031941,WR
4422,2015,4,106,CHI,00-0031569,RB
4423,2015,4,107,ATL,00-0031570,WR
4424,2015,4,108,TEN,00-0032130,FB
4433,2015,4,117,SFO,00-0032062,TE
4439,2015,4,123,CLE,00-0032188,WR
4441,2015,4,125,BAL,00-0031577,RB
4442,2015,4,126,SFO,00-0032063,RB
4448,2015,4,132,SFO,00-0032064,WR
4454,2015,5,138,TEN,00-0032133,RB
4455,2015,5,139,JAX,00-0032170,WR
4459,2015,5,143,MIN,00-0031585,TE
4462,2015,5,146,MIN,00-0031588,WR
4463,2015,5,147,GNB,00-0031589,QB
4465,2015,5,149,MIA,00-0031590,RB
4471,2015,5,155,BUF,00-0032152,RB
4472,2015,5,156,MIA,00-0031594,WR
4473,2015,5,157,CIN,00-0032134,TE
4475,2015,5,159,ARI,00-0032112,WR
4476,2015,5,160,PIT,00-0032135,TE
4478,2015,5,162,TAM,00-0032113,WR
4484,2015,5,168,DET,00-0031595,FB
4487,2015,5,171,BAL,00-0031598,TE
4489,2015,5,173,KAN,00-0031951,TE
4490,2015,5,174,CAR,00-0031599,RB
4491,2015,5,175,HOU,00-0031600,WR
4500,2015,6,184,TAM,00-0032115,WR
4502,2015,6,186,NYG,00-0031953,WR
4503,2015,6,187,WAS,00-0031954,WR
4510,2015,6,194,BUF,00-0032117,TE
4511,2015,6,195,CLE,00-0032068,TE
4518,2015,6,202,NWE,00-0031609,TE
4520,2015,6,204,BAL,00-0031610,WR
4521,2015,6,205,IND,00-0031611,RB
4522,2015,6,206,GNB,00-0031612,FB
4529,2015,6,213,GNB,00-0031617,TE
4536,2015,7,220,JAX,00-0032120,WR
4545,2015,7,229,JAX,00-0032139,TE
4546,2015,7,230,NOR,00-0031959,RB
4549,2015,7,233,KAN,00-0031960,WR
4551,2015,7,235,HOU,00-0031625,RB
4554,2015,7,238,CIN,00-0031962,WR
4561,2015,7,245,TEN,00-0032123,WR
4562,2015,7,246,DAL,00-0032141,TE
4566,2015,7,250,DEN,00-0032156,QB
4570,2015,7,254,SFO,00-0032072,TE
4573,2016,1,1,LAR,00-0033106,QB
4574,2016,1,2,PHI,00-0032950,QB
4576,2016,1,4,DAL,00-0033045,RB
4587,2016,1,15,CLE,00-0032966,WR
4593,2016,1,21,HOU,00-0033127,WR
4594,2016,1,22,WAS,00-0032760,WR
4595,2016,1,23,MIN,00-0032951,WR
4598,2016,1,26,DEN,00-0033108,QB
4607,2016,2,35,SDG,00-0033090,TE
4612,2016,2,40,NYG,00-0032385,WR
4617,2016,2,45,TEN,00-0032764,RB
4619,2016,2,47,NOR,00-0032765,WR
4627,2016,2,55,CIN,00-0033009,WR
4631,2016,2,59,TAM,00-0033102,K
4645,2016,3,73,MIA,00-0033118,RB
4653,2016,3,81,ATL,00-0032392,TE
4657,2016,3,85,HOU,00-0033069,WR
4658,2016,3,86,MIA,00-0033060,WR
4662,2016,3,90,SEA,00-0032393,RB
4663,2016,3,91,NWE,00-0033119,QB
4665,2016,3,93,CLE,00-0033104,QB
4666,2016,3,94,SEA,00-0032394,TE
4672,2016,4,100,OAK,00-0032893,QB
4679,2016,4,107,BAL,00-0032398,WR
4682,2016,4,110,LAR,00-0033110,TE
4686,2016,4,114,CLE,00-0033079,WR
4689,2016,4,117,LAR,00-0033111,WR
4691,2016,4,119,HOU,00-0032404,RB
4698,2016,4,126,KAN,00-0032775,WR
4706,2016,4,134,BAL,00-0032411,RB
4707,2016,4,135,DAL,00-0033077,QB
4708,2016,4,136,DEN,00-0032972,RB
4710,2016,4,138,CLE,00-0033080,TE
4711,2016,4,139,BUF,00-0033098,QB
4712,2016,5,140,TEN,00-0032778,WR
4715,2016,5,143,OAK,00-0032940,RB
4721,2016,5,149,NYG,00-0032417,RB
4722,2016,5,150,CHI,00-0032780,RB
4725,2016,5,153,PHI,00-0032782,RB
4728,2016,5,156,BUF,00-0032975,RB
4734,2016,5,162,KAN,00-0032784,QB
4735,2016,5,163,GNB,00-0032423,WR
4737,2016,5,165,KAN,00-0033040,WR
4743,2016,5,171,SEA,00-0032426,RB
4744,2016,5,172,CLE,00-0032977,WR
4748,2016,6,176,DEN,00-0032956,FB
4749,2016,6,177,LAR,00-0033112,TE
4752,2016,6,180,MIN,00-0032341,WR
4754,2016,6,182,BAL,00-0033078,RB
4756,2016,6,184,NYG,00-0032429,TE
4758,2016,6,186,MIA,00-0032791,WR
4759,2016,6,187,WAS,00-0032792,QB
4760,2016,6,188,MIN,00-0032430,TE
4763,2016,6,191,DET,00-0032431,QB
4770,2016,6,198,SDG,00-0032897,FB
4771,2016,6,199,CIN,00-0032795,WR
4773,2016,6,201,JAX,00-0032434,QB
4778,2016,6,206,LAR,00-0033114,WR
4779,2016,6,207,SFO,00-0032436,QB
4785,2016,6,213,SFO,00-0032441,WR
4788,2016,6,216,DAL,00-0033049,RB
4789,2016,6,217,DAL,00-0033054,TE
4803,2016,7,231,MIA,00-0033061,TE
4808,2016,7,236,DET,00-0032450,RB
4809,2016,7,237,NOR,00-0032804,RB
4813,2016,7,241,NYJ,00-0032959,WR
4827,2017,1,2,CHI,00-0033869,QB
4829,2017,1,4,JAX,00-0033856,RB
4830,2017,1,5,TEN,00-0033871,WR
4832,2017,1,7,LAC,00-0033536,WR
4833,2017,1,8,CAR,00-0033280,RB
4834,2017,1,9,CIN,00-0033460,WR
4835,2017,1,10,KAN,00-0033873,QB
4837,2017,1,12,HOU,00-0033537,QB
4844,2017,1,19,TAM,00-0033879,TE
4848,2017,1,23,NYG,00-0033881,TE
4854,2017,1,29,CLE,00-0033885,TE
4862,2017,2,37,BUF,00-0033891,WR
4865,2017,2,40,CAR,00-0033282,WR
4866,2017,2,41,MIN,00-0033893,RB
4869,2017,2,44,LAR,00-0033895,TE
4870,2017,2,45,CHI,00-0033896,TE
4873,2017,2,48,CIN,00-0033897,RB
4877,2017,2,52,CLE,00-0033899,QB
4887,2017,2,62,PIT,00-0033857,WR
4892,2017,3,67,NOR,00-0033906,RB
4894,2017,3,69,LAR,00-0033908,WR
4897,2017,3,72,TEN,00-0033911,WR
4904,2017,3,79,NYJ,00-0033916,WR
4909,2017,3,84,TAM,00-0033921,WR
4911,2017,3,86,KAN,00-0033923,RB
4912,2017,3,87,NYG,00-0033550,QB
4914,2017,3,89,HOU,00-0033925,RB
4921,2017,3,96,DET,00-0033932,WR
4923,2017,3,98,ARI,00-0033933,WR
4925,2017,3,100,TEN,00-0033858,TE
4929,2017,3,104,SFO,00-0033936,QB
4930,2017,3,105,PIT,00-0033553,RB
4931,2017,3,106,SEA,00-0033937,WR
4935,2017,4,110,JAX,00-0033839,WR
4939,2017,4,114,WAS,00-0033526,RB
4942,2017,4,117,LAR,00-0033943,WR
4943,2017,4,118,PHI,00-0033555,WR
4944,2017,4,119,CHI,00-0033556,RB
4952,2017,4,127,DET,00-0033559,TE
4953,2017,4,128,CIN,00-0033859,WR
4957,2017,4,132,PHI,00-0033561,RB
4958,2017,4,133,DAL,00-0033562,WR
4959,2017,4,134,GNB,00-0033948,RB
4960,2017,4,135,PIT,00-0033949,QB
4964,2017,4,139,KAN,00-0033464,WR
4965,2017,4,140,NYG,00-0033950,RB
4966,2017,4,141,NYJ,00-0033840,WR
4968,2017,4,143,IND,00-0033951,RB
4970,2017,5,145,DEN,00-0033564,TE
4971,2017,5,146,SFO,00-0033288,TE
4975,2017,5,150,NYJ,00-0033953,TE
4978,2017,5,153,CIN,00-0033787,K
4979,2017,5,154,WAS,00-0033528,TE
4981,2017,5,156,ATL,00-0033567,RB
4987,2017,5,162,TAM,00-0033955,RB
4991,2017,5,166,PHI,00-0033573,WR
4995,2017,5,170,MIN,00-0033957,WR
4996,2017,5,171,BUF,00-0033958,QB
4997,2017,5,172,DEN,00-0033466,WR
4999,2017,5,174,ATL,00-0033576,TE
5000,2017,5,175,GNB,00-0033291,WR
5002,2017,5,177,SFO,00-0033292,WR
5004,2017,5,179,ARI,00-0033789,RB
5007,2017,5,182,GNB,00-0033293,RB
5013,2017,6,188,NYJ,00-0033295,RB
5017,2017,6,192,CAR,00-0033296,FB
5026,2017,6,201,MIN,00-0033966,TE
5028,2017,6,203,DEN,00-0033581,RB
5032,2017,6,207,CIN,00-0033791,RB
5034,2017,6,209,WAS,00-0033530,WR
5040,2017,6,215,DET,00-0033585,QB
5044,2017,7,219,MIN,00-0033968,WR
5049,2017,7,224,CLE,00-0033862,K
5051,2017,7,226,SEA,00-0033589,WR
5058,2017,7,233,CAR,00-0033303,K
5062,2017,7,237,MIA,00-0033471,WR
5063,2017,7,238,GNB,00-0033304,RB
5064,2017,7,239,DAL,00-0033591,WR
5066,2017,7,241,TEN,00-0033797,RB
5067,2017,7,242,OAK,00-0033975,RB
5072,2017,7,247,GNB,00-0033305,WR
5074,2017,7,249,SEA,00-0033594,RB
5076,2017,7,251,CIN,00-0033798,TE
5077,2017,7,252,CLE,00-0033596,RB
5078,2017,7,253,DEN,00-0033597,QB
5079,2018,1,1,CLE,00-0034855,QB
5080,2018,1,2,NYG,00-0034844,RB
5081,2018,1,3,NYJ,00-0034869,QB
5085,2018,1,7,BUF,00-0034857,QB
5088,2018,1,10,ARI,00-0034343,QB
5102,2018,1,24,CAR,00-0034827,WR
5103,2018,1,25,BAL,00-0034830,TE
5104,2018,1,26,ATL,00-0034837,WR
5105,2018,1,27,SEA,00-0034750,RB
5109,2018,1,31,NWE,00-0034845,RB
5110,2018,1,32,BAL,00-0034796,QB
5113,2018,2,35,CLE,00-0034791,RB
5116,2018,2,38,TAM,00-0034816,RB
5118,2018,2,40,DEN,00-0034348,WR
5120,2018,2,42,MIA,00-0034829,TE
5121,2018,2,43,DET,00-0034349,RB
5122,2018,2,44,SFO,00-0034860,WR
5125,2018,2,47,ARI,00-0034775,WR
5127,2018,2,49,PHI,00-0034351,TE
5129,2018,2,51,CHI,00-0034353,WR
5137,2018,2,59,WAS,00-0034358,RB
5138,2018,2,60,PIT,00-0034676,WR
5139,2018,2,61,JAX,00-0034777,WR
5149,2018,3,71,DEN,00-0034838,RB
5154,2018,3,76,PIT,00-0034771,QB
5159,2018,3,81,DAL,00-0034764,WR
5164,2018,3,86,BAL,00-0034753,TE
5169,2018,3,91,NOR,00-0034765,WR
5176,2018,3,98,HOU,00-0034364,TE
5179,2018,4,101,CAR,00-0034365,TE
5181,2018,4,103,HOU,00-0034366,WR
5182,2018,4,104,IND,00-0034367,RB
5183,2018,4,105,CLE,00-0034772,WR
5185,2018,4,107,NYJ,00-0034766,TE
5186,2018,4,108,NYG,00-0034369,QB
5190,2018,4,112,CIN,00-0034679,RB
5191,2018,4,113,DEN,00-0034370,WR
5198,2018,4,120,SEA,00-0034159,TE
5201,2018,4,123,MIA,00-0034798,TE
5204,2018,4,126,ATL,00-0034378,RB
5209,2018,4,131,MIA,00-0034799,RB
5210,2018,4,132,BAL,00-0034267,WR
5211,2018,4,133,GNB,00-0034268,WR
5212,2018,4,134,ARI,00-0034681,RB
5215,2018,4,137,DAL,00-0034383,TE
5222,2018,5,144,TAM,00-0034386,WR
5234,2018,5,156,DEN,00-0034393,TE
5235,2018,5,157,MIN,00-0034270,TE
5237,2018,5,159,IND,00-0034395,WR
5240,2018,5,162,BAL,00-0034271,WR
5243,2018,5,165,PIT,00-0034331,TE
5245,2018,5,167,MIN,00-0034161,K
5247,2018,5,169,IND,00-0034400,RB
5249,2018,5,171,DAL,00-0034401,QB
5252,2018,5,174,GNB,00-0034272,WR
5253,2018,6,175,CLE,00-0034273,WR
5254,2018,6,176,LAR,00-0034808,RB
5263,2018,6,185,IND,00-0034406,WR
5265,2018,6,187,BUF,00-0034407,WR
5269,2018,6,191,LAC,00-0034409,WR
5272,2018,6,194,ATL,00-0034411,WR
5274,2018,6,196,KAN,00-0034278,WR
5277,2018,6,199,TEN,00-0034412,QB
5279,2018,6,201,NOR,00-0034414,RB
5281,2018,6,203,JAX,00-0034416,QB
5282,2018,6,204,NYJ,00-0034164,RB
5285,2018,6,207,GNB,00-0034279,WR
5286,2018,6,208,DAL,00-0034418,WR
5288,2018,6,210,NWE,00-0034419,WR
5289,2018,6,211,HOU,00-0034420,TE
5297,2018,7,219,NWE,00-0034423,QB
5298,2018,7,220,SEA,00-0034732,QB
5302,2018,7,224,CHI,00-0034426,WR
5306,2018,7,228,OAK,00-0034747,WR
5307,2018,7,229,MIA,00-0034794,K
5314,2018,7,236,DAL,00-0034432,RB
5315,2018,7,237,DET,00-0034433,RB
5318,2018,7,240,SFO,00-0034286,WR
5327,2018,7,249,CIN,00-0034438,QB
5328,2018,7,250,NWE,00-0034439,TE
5329,2018,7,251,LAC,00-0034440,RB
5331,2018,7,253,CIN,00-0034686,WR
5333,2018,7,255,BUF,00-0034442,WR
5334,2018,7,256,WAS,00-0034339,WR
5335,2019,1,1,ARI,00-0035228,QB
5340,2019,1,6,NYG,00-0035710,QB
5342,2019,1,8,DET,00-0035229,TE
5349,2019,1,15,WAS,00-0035232,QB
5354,2019,1,20,DEN,00-0035644,TE
5358,2019,1,24,OAK,00-0035700,RB
5359,2019,1,25,BAL,00-0035662,WR
5366,2019,1,32,NWE,00-0035624,WR
5370,2019,2,36,SFO,00-0035719,WR
5376,2019,2,42,DEN,00-0035704,QB
5384,2019,2,50,MIN,00-0034970,TE
5385,2019,2,51,TEN,00-0035676,WR
5386,2019,2,52,CIN,00-0035631,TE
5387,2019,2,53,PHI,00-0035243,RB
5390,2019,2,56,KAN,00-0035140,WR
5391,2019,2,57,PHI,00-0035246,WR
5393,2019,2,59,IND,00-0035639,WR
5396,2019,2,62,ARI,00-0035527,WR
5398,2019,2,64,SEA,00-0035640,WR
5400,2019,3,66,PIT,00-0035216,WR
5401,2019,3,67,SFO,00-0034971,WR
5403,2019,3,69,JAX,00-0035249,TE
5404,2019,3,70,LAR,00-0035664,RB
5407,2019,3,73,CHI,00-0035685,RB
5408,2019,3,74,BUF,00-0035250,RB
5409,2019,3,75,GNB,00-0035671,TE
5410,2019,3,76,WAS,00-0035659,WR
5420,2019,3,86,HOU,00-0035660,TE
5421,2019,3,87,NWE,00-0035657,RB
5427,2019,3,93,BAL,00-0035703,WR
5430,2019,3,96,BUF,00-0035689,TE
5434,2019,3,100,CAR,00-0035251,QB
5436,2019,3,102,MIN,00-0034972,RB
5437,2019,4,103,ARI,00-0035529,WR
5438,2019,4,104,CIN,00-0035652,QB
5446,2019,4,112,WAS,00-0035256,RB
5447,2019,4,113,BAL,00-0034975,RB
5454,2019,4,120,SEA,00-0035589,WR
5455,2019,4,121,NYJ,00-0035259,TE
5456,2019,4,122,PIT,00-0035217,RB
5460,2019,4,126,CHI,00-0035590,WR
5462,2019,4,128,DAL,00-0035261,RB
5467,2019,4,133,NWE,00-0035264,QB
5471,2019,4,137,OAK,00-0034981,TE
5474,2019,5,140,JAX,00-0035268,RB
5475,2019,5,141,PIT,00-0035222,TE
5479,2019,5,145,TAM,00-0035269,K
5483,2019,5,149,OAK,00-0034983,WR
5486,2019,5,152,ATL,00-0035273,RB
5488,2019,5,154,CAR,00-0035275,RB
5500,2019,5,166,LAC,00-0035282,QB
5501,2019,5,167,PHI,00-0035283,QB
5504,2019,5,170,CLE,00-0035145,K
5505,2019,5,171,NYG,00-0035535,WR
5508,2019,6,174,ARI,00-0035287,WR
5510,2019,6,176,SFO,00-0034988,TE
5512,2019,6,178,JAX,00-0035289,QB
5516,2019,6,182,CIN,00-0035291,RB
5518,2019,6,184,DET,00-0035592,WR
5520,2019,6,186,DET,00-0035537,RB
5521,2019,6,187,DEN,00-0035593,WR
5528,2019,6,194,GNB,00-0034995,RB
5531,2019,6,197,BAL,00-0035146,QB
5537,2019,6,203,ATL,00-0035296,WR
5538,2019,6,204,SEA,00-0035594,RB
5540,2019,6,206,WAS,00-0035297,WR
5542,2019,6,208,TAM,00-0035298,WR
5545,2019,6,211,CIN,00-0035299,RB
5548,2019,6,214,KAN,00-0035148,RB
5552,2019,7,218,DAL,00-0035303,RB
5554,2019,7,220,HOU,00-0035304,RB
5556,2019,7,222,CHI,00-0035596,RB
5558,2019,7,224,DET,00-0035539,TE
5562,2019,7,228,BUF,00-0035308,TE
5565,2019,7,231,NOR,00-0035309,TE
5567,2019,7,233,MIA,00-0035310,RB
5568,2019,7,234,MIA,00-0035311,RB
5570,2019,7,236,SEA,00-0035597,WR
5571,2019,7,237,CAR,00-0035313,WR
5573,2019,7,239,MIN,00-0035002,WR
5581,2019,7,247,MIN,00-0035006,WR
5588,2019,7,254,ARI,00-0035320,TE
5589,2020,1,1,CIN,00-0036442,QB
5593,2020,1,5,MIA,00-0036212,QB
5594,2020,1,6,LAC,00-0036355,QB
5600,2020,1,12,LVR,00-0036357,WR
5603,2020,1,15,DEN,00-0036407,WR
5605,2020,1,17,DAL,00-0036358,WR
5609,2020,1,21,PHI,00-0036387,WR
5610,2020,1,22,MIN,00-0036322,WR
5613,2020,1,25,SFO,00-0036261,WR
5614,2020,1,26,GNB,00-0036264,QB
5620,2020,1,32,KAN,00-0036360,RB
5621,2020,2,33,CIN,00-0036410,WR
5622,2020,2,34,IND,00-0036252,WR
5623,2020,2,35,DET,00-0036275,RB
5629,2020,2,41,IND,00-0036223,RB
5630,2020,2,42,JAX,00-0036268,WR
5631,2020,2,43,CHI,00-0036290,TE
5634,2020,2,46,DEN,00-0036412,WR
5637,2020,2,49,PIT,00-0036326,WR
5640,2020,2,52,LAR,00-0036414,RB
5641,2020,2,53,PHI,00-0036389,QB
5643,2020,2,55,BAL,00-0036158,RB
5645,2020,2,57,LAR,00-0036415,WR
5647,2020,2,59,NYJ,00-0036255,WR
5650,2020,2,62,GNB,00-0036265,RB
5654,2020,3,66,WAS,00-0036328,RB
5664,2020,3,76,TAM,00-0036450,RB
5668,2020,3,80,LVR,00-0036364,WR
5669,2020,3,81,LVR,00-0036365,WR
5674,2020,3,86,BUF,00-0036251,RB
5679,2020,3,91,NWE,00-0036194,TE
5680,2020,3,92,BAL,00-0036331,WR
5681,2020,3,93,TEN,00-0036297,RB
5682,2020,3,94,GNB,00-0036332,TE
5689,2020,3,101,NWE,00-0036225,TE
5693,2020,3,105,NOR,00-0036422,TE
5700,2020,4,112,LAC,00-0036370,RB
5703,2020,4,115,CLE,00-0036232,TE
5706,2020,4,118,DEN,00-0036423,TE
5708,2020,4,120,NYJ,00-0036269,RB
5710,2020,4,122,IND,00-0036226,QB
5712,2020,4,124,PIT,00-0036336,RB
5713,2020,4,125,NYJ,00-0036301,QB
5716,2020,4,128,BUF,00-0036196,WR
5721,2020,4,133,SEA,00-0036244,TE
5724,2020,4,136,LAR,00-0036424,TE
5730,2020,4,142,WAS,00-0036340,WR
5732,2020,4,144,SEA,00-0036425,RB
5739,2020,5,151,LAC,00-0036377,WR
5747,2020,5,159,NWE,00-0036161,K
5749,2020,5,161,TAM,00-0036427,WR
5753,2020,5,165,JAX,00-0036254,WR
5754,2020,5,166,DET,00-0036277,WR
5755,2020,5,167,BUF,00-0036197,QB
5756,2020,5,168,PHI,00-0036398,WR
5759,2020,5,171,HOU,00-0036308,WR
5760,2020,5,172,DET,00-0036278,RB
5761,2020,5,173,CHI,00-0036309,WR
5764,2020,5,176,MIN,00-0036345,WR
5775,2020,6,187,CLE,00-0036233,WR
5776,2020,6,188,BUF,00-0036162,K
5777,2020,6,189,JAX,00-0036312,QB
5778,2020,6,190,SFO,00-0036429,TE
5788,2020,6,200,PHI,00-0036271,WR
5789,2020,6,201,BAL,00-0036133,WR
5794,2020,6,206,JAX,00-0036250,TE
5795,2020,6,207,BUF,00-0036165,WR
5800,2020,6,212,IND,00-0036228,WR
5802,2020,6,214,SEA,00-0036247,WR
5805,2020,7,217,SFO,00-0036259,WR
5808,2020,7,220,LAC,00-0036382,WR
5810,2020,7,222,ARI,00-0036383,RB
5819,2020,7,231,DAL,00-0036384,QB
5828,2020,7,240,NOR,00-0036433,QB
5832,2020,7,244,MIN,00-0036279,QB
5833,2020,7,245,TAM,00-0036435,RB
5834,2020,7,246,MIA,00-0036245,RB
5836,2020,7,248,LAR,00-0036436,K
5839,2020,7,251,SEA,00-0036438,TE
5840,2020,7,252,DEN,00-0036439,WR
5844,2021,1,1,JAX,00-0036971,QB
5845,2021,1,2,NYJ,00-0037013,QB
5846,2021,1,3,SFO,00-0037012,QB
5847,2021,1,4,ATL,00-0036970,TE
5848,2021,1,5,CIN,00-0036900,WR
5849,2021,1,6,MIA,00-0036613,WR
5853,2021,1,10,PHI,00-0036912,WR
5854,2021,1,11,CHI,00-0036945,QB
5858,2021,1,15,NWE,00-0036972,QB
5863,2021,1,20,NYG,00-0036913,WR
5867,2021,1,24,PIT,00-0036893,RB
5868,2021,1,25,JAX,00-0036973,RB
5870,2021,1,27,BAL,00-0036550,WR
5877,2021,2,34,NYJ,00-0036980,WR
5878,2021,2,35,DEN,00-0036997,RB
5892,2021,2,49,ARI,00-0036936,WR
5898,2021,2,55,PIT,00-0036894,TE
5899,2021,2,56,SEA,00-0036620,WR
5900,2021,2,57,LAR,00-0036849,WR
5902,2021,2,59,CAR,00-0036955,WR
5907,2021,2,64,TAM,00-0036928,QB
5909,2021,3,66,MIN,00-0036946,QB
5910,2021,3,67,HOU,00-0036898,QB
5920,2021,3,77,LAC,00-0036988,WR
5924,2021,3,81,MIA,00-0037004,TE
5925,2021,3,82,WAS,00-0036626,WR
5926,2021,3,83,CAR,00-0037005,TE
5928,2021,3,85,GNB,00-0036991,WR
5931,2021,3,88,SFO,00-0036984,RB
5932,2021,3,89,HOU,00-0036554,WR
5934,2021,3,91,CLE,00-0036999,WR
5940,2021,3,97,LAC,00-0037011,TE
5950,2021,4,107,NYJ,00-0036924,RB
5952,2021,4,109,TEN,00-0036627,WR
5955,2021,4,112,DET,00-0036963,WR
5962,2021,4,119,MIN,00-0036842,RB
5963,2021,4,120,NWE,00-0036875,RB
5967,2021,4,124,WAS,00-0036628,TE
5969,2021,4,126,CAR,00-0036555,RB
5970,2021,4,127,IND,00-0036876,TE
5972,2021,4,129,TAM,00-0036877,WR
5974,2021,4,131,BAL,00-0036630,WR
5976,2021,4,133,NOR,00-0036929,QB
5984,2021,4,141,LAR,00-0036918,WR
5988,2021,5,145,JAX,00-0036887,TE
5990,2021,5,147,HOU,00-0036556,TE
5992,2021,5,149,CIN,00-0036854,K
5993,2021,5,150,PHI,00-0036919,RB
6000,2021,5,157,MIN,00-0036635,WR
6005,2021,5,162,KAN,00-0036637,TE
6011,2021,5,168,MIN,00-0036640,TE
6022,2021,5,179,DAL,00-0036646,WR
6024,2021,5,181,KAN,00-0036647,WR
6027,2021,5,184,BAL,00-0036565,FB
6030,2021,6,187,ATL,00-0036951,WR
6037,2021,6,194,SFO,00-0036567,RB
6039,2021,6,196,NYG,00-0036569,RB
6041,2021,6,198,LAC,00-0036650,RB
6045,2021,6,202,CIN,00-0036857,RB
6046,2021,6,203,BUF,00-0036571,WR
6047,2021,6,204,CAR,00-0036572,WR
6048,2021,6,205,TEN,00-0036652,WR
6052,2021,6,209,JAX,00-0036858,WR
6054,2021,6,211,CLE,00-0036654,RB
6060,2021,6,217,CHI,00-0036906,RB
6061,2021,6,218,IND,00-0036879,QB
6062,2021,6,219,DEN,00-0036657,WR
6064,2021,6,221,CHI,00-0036907,WR
6072,2021,7,229,IND,00-0036482,WR
6076,2021,7,233,LAR,00-0036860,RB
6085,2021,7,242,NWE,00-0036536,WR
6087,2021,7,244,MIA,00-0036578,RB
6092,2021,7,249,LAR,00-0036862,WR
6098,2021,7,255,NOR,00-0036939,WR
6099,2021,7,256,GNB,00-0036669,RB
6100,2021,7,257,DET,00-0036670,RB
6101,2021,7,258,WAS,00-0036671,WR
6110,2022,1,8,ATL,00-0037238,WR
6112,2022,1,10,NYJ,00-0037740,WR
6113,2022,1,11,NOR,00-0037239,WR
6114,2022,1,12,DET,00-0037240,WR
6118,2022,1,16,WAS,00-0037741,WR
6120,2022,1,18,TEN,00-0037742,WR
6122,2022,1,20,PIT,00-0038102,QB
6136,2022,2,34,GNB,00-0038124,WR
6138,2022,2,36,NYJ,00-0038120,RB
6143,2022,2,41,SEA,00-0038134,RB
6145,2022,2,43,NYG,00-0038117,WR
6146,2022,2,44,HOU,00-0037614,WR
6152,2022,2,50,NWE,00-0038104,WR
6154,2022,2,52,PIT,00-0037247,WR
6155,2022,2,53,IND,00-0037664,WR
6156,2022,2,54,KAN,00-0038090,WR
6157,2022,2,55,ARI,00-0037744,TE
6165,2022,2,63,BUF,00-0037248,RB
6173,2022,3,71,CHI,00-0037745,WR
6175,2022,3,73,IND,00-0037755,TE
6176,2022,3,74,ATL,00-0038122,QB
6182,2022,3,80,DEN,00-0037252,TE
6188,2022,3,86,TEN,00-0038128,QB
6190,2022,3,88,DAL,00-0037666,WR
6193,2022,3,91,TAM,00-0037256,RB
6195,2022,3,93,SFO,00-0037827,RB
6196,2022,3,94,CAR,00-0038132,QB
6200,2022,3,98,WAS,00-0037746,RB
6201,2022,3,99,CLE,00-0037257,WR
6203,2022,3,101,NYJ,00-0037805,TE
6207,2022,3,105,SFO,00-0037828,WR
6208,2022,4,106,TAM,00-0038129,TE
6209,2022,4,107,HOU,00-0037258,RB
6214,2022,4,112,NYG,00-0038115,TE
6224,2022,4,122,LVR,00-0038040,RB
6225,2022,4,123,LAC,00-0038045,RB
6226,2022,4,124,CLE,00-0038097,K
6227,2022,4,125,MIA,00-0038092,WR
6229,2022,4,127,NWE,00-0038098,RB
6230,2022,4,128,BAL,00-0038046,TE
6231,2022,4,129,DAL,00-0038041,TE
6233,2022,4,131,TEN,00-0037617,RB
6234,2022,4,132,GNB,00-0037816,WR
6239,2022,4,137,NWE,00-0038108,QB
6240,2022,4,138,PIT,00-0037837,WR
6241,2022,4,139,BAL,00-0037838,TE
6245,2022,4,143,TEN,00-0037809,TE
6246,2022,5,144,WAS,00-0037077,QB
6250,2022,5,148,BUF,00-0037261,WR
6251,2022,5,149,WAS,00-0037078,TE
6253,2022,5,151,ATL,00-0037263,RB
6256,2022,5,154,JAX,00-0037265,RB
6258,2022,5,156,CLE,00-0037267,RB
6264,2022,5,162,DEN,00-0037272,WR
6265,2022,5,163,TEN,00-0037273,WR
6266,2022,5,164,LAR,00-0037840,RB
6271,2022,5,169,MIN,00-0037276,RB
6272,2022,5,170,HOU,00-0037277,TE
6279,2022,5,177,DET,00-0037282,TE
6285,2022,6,183,NWE,00-0037286,RB
6293,2022,6,191,MIN,00-0037291,WR
6294,2022,6,192,IND,00-0037292,TE
6298,2022,6,196,BAL,00-0037085,RB
6300,2022,6,198,PHI,00-0037086,TE
6303,2022,6,201,ARI,00-0037299,RB
6305,2022,6,203,CHI,00-0037087,RB
6310,2022,6,208,PIT,00-0037304,TE
6315,2022,6,213,ATL,00-0037306,TE
6320,2022,6,218,TAM,00-0037311,TE
6329,2022,7,227,MIN,00-0037317,TE
6331,2022,7,229,SEA,00-0037091,WR
6335,2022,7,233,SEA,00-0037093,WR
6343,2022,7,241,PIT,00-0037324,QB
6349,2022,7,247,MIA,00-0037327,QB
6352,2022,7,250,LVR,00-0037329,RB
6353,2022,7,251,KAN,00-0037197,RB
6360,2022,7,258,GNB,00-0037098,WR
6362,2022,7,260,LAC,00-0037331,RB
6364,2022,7,262,SFO,00-0037834,QB
6365,2023,1,1,CAR,00-0039150,QB
6366,2023,1,2,HOU,00-0039163,QB
6368,2023,1,4,IND,00-0039164,QB
6372,2023,1,8,ATL,00-0038542,RB
6376,2023,1,12,DET,00-0039139,RB
6384,2023,1,20,SEA,00-0038543,WR
6385,2023,1,21,LAC,00-0038544,WR
6386,2023,1,22,BAL,00-0039064,WR
6387,2023,1,23,MIN,00-0038994,WR
6389,2023,1,25,BUF,00-0038933,TE
6397,2023,2,33,TEN,00-0039152,QB
6398,2023,2,34,DET,00-0039065,TE
6399,2023,2,35,LVR,00-0039066,TE
6403,2023,2,39,CAR,00-0039062,WR
6406,2023,2,42,GNB,00-0039144,TE
6414,2023,2,50,GNB,00-0039146,WR
6416,2023,2,52,SEA,00-0039165,RB
6419,2023,2,55,KAN,00-0039067,WR
6422,2023,2,58,DAL,00-0038547,TE
6425,2023,2,61,JAX,00-0038935,TE
6427,2023,2,63,DEN,00-0038976,WR
6432,2023,3,68,DET,00-0038550,QB
6433,2023,3,69,HOU,00-0038977,WR
6435,2023,3,71,NOR,00-0038551,RB
6437,2023,3,73,NYG,00-0038938,WR
6438,2023,3,74,CLE,00-0038979,WR
6442,2023,3,78,GNB,00-0038996,TE
6443,2023,3,79,IND,00-0038997,WR
6445,2023,3,81,TEN,00-0039032,RB
6448,2023,3,84,MIA,00-0039040,RB
6452,2023,3,88,JAX,00-0038555,RB
6457,2023,3,93,PIT,00-0038558,TE
6458,2023,3,94,ARI,00-0038559,WR
6463,2023,3,99,SFO,00-0038562,K
6464,2023,3,100,LVR,00-0038563,WR
6465,2023,3,101,SFO,00-0038564,TE
6476,2023,4,112,NWE,00-0038567,K
6479,2023,4,115,CHI,00-0039021,RB
6489,2023,4,125,LAC,00-0038573,WR
6491,2023,4,127,NOR,00-0038998,QB
6492,2023,4,128,LAR,00-0039107,QB
6495,2023,4,131,CIN,00-0038576,WR
6497,2023,4,133,CHI,00-0038941,WR
6499,2023,4,135,LVR,00-0038579,QB
6503,2023,5,139,ARI,00-0038582,QB
6504,2023,5,140,CLE,00-0038583,QB
6507,2023,5,143,NYJ,00-0038389,RB
6511,2023,5,147,TEN,00-0038589,TE
6513,2023,5,149,GNB,00-0038391,QB
6514,2023,5,150,BUF,00-0038590,WR
6523,2023,5,159,GNB,00-0038393,WR
6526,2023,5,162,IND,00-0038394,TE
6527,2023,5,163,CIN,00-0038597,RB
6528,2023,5,164,MIN,00-0038598,QB
6535,2023,5,171,TAM,00-0039050,TE
6536,2023,5,172,NYG,00-0038396,RB
6539,2023,5,175,LAR,00-0039074,TE
6540,2023,5,176,IND,00-0038397,RB
6541,2023,5,177,LAR,00-0039075,WR
6549,2023,6,185,JAX,00-0038606,WR
6551,2023,6,187,NWE,00-0038608,WR
6552,2023,6,188,PHI,00-0038400,QB
6555,2023,6,191,TAM,00-0039052,WR
6557,2023,6,193,WAS,00-0038611,RB
6559,2023,6,195,NOR,00-0038612,WR
6561,2023,6,197,MIA,00-0039041,WR
6569,2023,6,205,HOU,00-0038618,WR
6570,2023,6,206,CIN,00-0038619,WR
6571,2023,6,207,GNB,00-0038402,K
6574,2023,6,210,NWE,00-0038621,WR
6576,2023,6,212,DAL,00-0038622,RB
6579,2023,6,215,LAR,00-0039136,RB
6583,2023,7,219,DET,00-0038627,WR
6584,2023,7,220,NYJ,00-0038406,TE
6586,2023,7,222,MIN,00-0039046,RB
6592,2023,7,228,TEN,00-0038632,WR
6599,2023,7,235,GNB,00-0038409,RB
6601,2023,7,237,SEA,00-0038636,RB
6603,2023,7,239,LAC,00-0038637,QB
6608,2023,7,244,DAL,00-0038640,WR
6611,2023,7,247,SFO,00-0038643,TE
6617,2023,7,253,SFO,00-0038647,WR
6620,2023,7,256,GNB,00-0038507,WR
6624,2024,1,1,CHI,00-0039918,QB
6625,2024,1,2,WAS,00-0039910,QB
6626,2024,1,3,NWE,00-0039851,QB
6627,2024,1,4,ARI,00-0039849,WR
6629,2024,1,6,NYG,00-0039337,WR
6631,2024,1,8,ATL,00-0039917,QB
6632,2024,1,9,CHI,00-0039919,WR
6633,2024,1,10,MIN,00-0039923,QB
6635,2024,1,12,DEN,00-0039732,QB
6636,2024,1,13,LVR,00-0039338,TE
6646,2024,1,23,JAX,00-0039893,WR
6651,2024,1,28,KAN,00-0039894,WR
6654,2024,1,31,SFO,00-0039916,WR
6655,2024,1,32,CAR,00-0039342,WR
6656,2024,2,33,BUF,00-0039901,WR
6657,2024,2,34,LAC,00-0039915,WR
6660,2024,2,37,NWE,00-0039907,WR
6669,2024,2,46,CAR,00-0039344,RB
6675,2024,2,52,IND,00-0039890,WR
6676,2024,2,53,WAS,00-0039912,TE
6688,2024,3,65,NYJ,00-0039920,WR
6689,2024,3,66,ARI,00-0039921,RB
6703,2024,3,80,CIN,00-0039810,WR
6705,2024,3,82,ARI,00-0039737,TE
6706,2024,3,83,LAR,00-0039738,RB
6707,2024,3,84,PIT,00-0039739,WR
6711,2024,3,88,GNB,00-0039811,RB
6715,2024,3,92,TAM,00-0039855,WR
6723,2024,3,100,WAS,00-0039355,WR
6724,2024,4,101,CAR,00-0039356,TE
6725,2024,4,102,DEN,00-0039868,WR
6730,2024,4,107,NYG,00-0039847,TE
6733,2024,4,110,NWE,00-0039853,WR
6736,2024,4,113,BAL,00-0039792,WR
6738,2024,4,115,CIN,00-0039814,TE
6743,2024,4,120,MIA,00-0039874,RB
6744,2024,4,121,SEA,00-0039793,TE
6746,2024,4,123,HOU,00-0039359,TE
6748,2024,4,125,TAM,00-0039361,RB
6750,2024,4,127,PHI,00-0039746,RB
6751,2024,4,128,BUF,00-0039875,RB
6752,2024,4,129,SFO,00-0039363,RB
6754,2024,4,131,KAN,00-0039824,TE
6757,2024,4,134,NYJ,00-0039794,RB
6758,2024,4,135,SFO,00-0039365,WR
6765,2024,5,142,IND,00-0039816,WR
6770,2024,5,147,DEN,00-0039373,RB
6773,2024,5,150,NOR,00-0039376,QB
6775,2024,5,152,PHI,00-0039747,WR
6779,2024,5,156,CLE,00-0039379,WR
6788,2024,5,165,BAL,00-0039796,RB
6789,2024,5,166,NYG,00-0039384,RB
6790,2024,5,167,JAX,00-0039385,RB
6793,2024,5,170,NOR,00-0039386,WR
6794,2024,5,171,NYJ,00-0039797,QB
6796,2024,5,173,NYJ,00-0039798,RB
6804,2024,6,181,LAC,00-0039391,RB
6805,2024,6,182,TEN,00-0039392,WR
6807,2024,6,184,MIA,00-0039880,WR
6808,2024,6,185,PHI,00-0039236,WR
6809,2024,6,186,ATL,00-0039393,RB
6810,2024,6,187,ATL,00-0039394,WR
6814,2024,6,191,ARI,00-0039397,WR
6816,2024,6,193,NWE,00-0039398,QB
6817,2024,6,194,CIN,00-0039399,TE
6826,2024,6,203,MIN,00-0039404,K
6828,2024,6,205,HOU,00-0039405,RB
6831,2024,6,208,LVR,00-0039407,RB
6832,2024,6,209,LAR,00-0039750,K
6835,2024,6,212,JAX,00-0039409,K
6836,2024,6,213,LAR,00-0039751,WR
6839,2024,6,216,DAL,00-0039410,WR
6841,2024,6,218,BAL,00-0039801,QB
6848,2024,7,225,LAC,00-0039415,WR
6854,2024,7,231,NWE,00-0039420,TE
6858,2024,7,235,DEN,00-0039424,WR
6864,2024,7,241,MIA,00-0039884,WR
6868,2024,7,245,GNB,00-0039238,QB
6869,2024,7,246,TAM,00-0039754,TE
6876,2024,7,253,LAC,00-0039437,WR
6881,2025,1,1,TEN,00-0040676,QB
6882,2025,1,2,JAX,00-0040718,WR
6886,2025,1,6,LVR,00-0040122,RB
6888,2025,1,8,CAR,00-0040124,WR
6890,2025,1,10,CHI,00-0040126,TE
6894,2025,1,14,IND,00-0040128,TE
6899,2025,1,19,TAM,00-0040129,WR
6902,2025,1,22,LAC,00-0040666,RB
6903,2025,1,23,GNB,00-0040667,WR
6905,2025,1,25,NYG,00-0040691,QB
6914,2025,2,34,HOU,00-0040130,WR
6916,2025,2,36,CLE,00-0040784,RB
6918,2025,2,38,NWE,00-0040734,RB
6919,2025,2,39,CHI,00-0040735,WR
6920,2025,2,40,NOR,00-0040743,QB
6922,2025,2,42,NYJ,00-0040736,TE
6926,2025,2,46,LAR,00-0040737,TE
6930,2025,2,50,SEA,00-0040739,TE
6935,2025,2,55,LAC,00-0040727,WR
6938,2025,2,58,LVR,00-0040729,WR
6940,2025,2,60,DEN,00-0040730,RB
6947,2025,3,67,CLE,00-0040663,TE
6949,2025,3,69,NWE,00-0040131,WR
6950,2025,3,70,DET,00-0040669,WR
6954,2025,3,74,DEN,00-0040134,WR
6959,2025,3,79,HOU,00-0040138,WR
6963,2025,3,83,PIT,00-0040142,RB
6967,2025,3,87,GNB,00-0040009,WR
6972,2025,3,92,SEA,00-0040673,QB
6974,2025,3,94,CLE,00-0040704,QB
6982,2025,3,102,MIN,00-0040154,WR
6983,2025,4,103,TEN,00-0040705,WR
6984,2025,4,104,JAX,00-0040719,RB
6985,2025,4,105,NYG,00-0040715,RB
6988,2025,4,108,LVR,00-0040581,WR
6990,2025,4,110,NYJ,00-0040582,WR
6994,2025,4,114,CAR,00-0040644,RB
6996,2025,4,116,HOU,00-0040583,RB
6997,2025,4,117,LAR,00-0040692,RB
7000,2025,4,120,TEN,00-0040584,TE
7006,2025,4,126,CLE,00-0040162,RB
7008,2025,4,128,WAS,00-0040164,WR
7013,2025,4,133,KAN,00-0040646,WR
7016,2025,4,136,TEN,00-0040170,WR
7018,2025,4,138,SFO,00-0040172,WR
7024,2025,5,144,CLE,00-0040668,QB
7027,2025,5,147,SFO,00-0040177,RB
7029,2025,5,149,DAL,00-0040586,RB
7031,2025,5,151,IND,00-0040179,RB
7038,2025,5,158,LAC,00-0040184,WR
7043,2025,5,163,CAR,00-0040187,TE
7045,2025,5,165,LAC,00-0040189,TE
7046,2025,5,166,SEA,00-0040648,WR
7053,2025,5,173,BUF,00-0040194,TE
7055,2025,5,175,SEA,00-0040649,TE
7059,2025,6,179,MIA,00-0040198,RB
7061,2025,6,181,PHI,00-0040014,QB
7062,2025,6,182,NWE,00-0040200,K
7064,2025,6,184,NOR,00-0040202,RB
7065,2025,6,185,PIT,00-0040203,QB
7066,2025,6,186,BAL,00-0040074,K
7068,2025,6,188,TEN,00-0040205,RB
7069,2025,6,189,IND,00-0040206,QB
7073,2025,6,193,CIN,00-0040208,RB
7077,2025,6,197,HOU,00-0040211,QB
7082,2025,6,202,MIN,00-0040215,TE
7083,2025,6,203,BAL,00-0040075,WR
7088,2025,6,208,CAR,00-0040218,WR
7093,2025,6,213,LVR,00-0040220,QB
7095,2025,6,215,LVR,00-0040222,QB
7099,2025,7,219,NYG,00-0040225,TE
7103,2025,7,223,SEA,00-0040651,RB
7107,2025,7,227,SFO,00-0040589,QB
7108,2025,7,228,KAN,00-0040078,RB
7111,2025,7,231,MIA,00-0040234,QB
7113,2025,7,233,CHI,00-0040236,RB
7115,2025,7,235,TAM,00-0040237,WR
7116,2025,7,236,JAX,00-0040238,RB
7118,2025,7,238,SEA,00-0040653,WR
7119,2025,7,239,DAL,00-0040021,RB
7121,2025,7,241,DEN,00-0040240,TE
7122,2025,7,242,LAR,00-0040590,WR
7124,2025,7,244,DET,00-0040241,WR
7125,2025,7,245,WAS,00-0040242,RB
7128,2025,7,248,NOR,00-0040244,TE
7132,2025,7,252,SFO,00-0040247,WR
7135,2025,7,255,HOU,00-0040250,TE
