Team,Tot Yds & TO.PA,Tot Yds & TO.Yds,Tot Yds & TO.Ply,Tot Yds & TO.Y/P,Tot Yds & TO.TO,Tot Yds & TO.FR,Tot Yds & TO.1stD,Passing.Cmp,Passing.Att,Passing.Yds,Passing.TD,Passing.Int,Passing.NY/A,Passing.1stD,Rushing.Att,Rushing.Yds,Rushing.TD,Rushing.Y/A,Rushing.1stD,Penalties.Pen,Penalties.Yds,Penalties.1stPy,Tot Yds & TO.Sc%,Tot Yds & TO.TO%,Tot Yds & TO.EXP,season
Seattle Seahawks,254.0,4274.0,924.0,4.6,24.0,11.0,277.0,313.0,507.0,2970.0,17.0,13.0,5.5,175.0,380.0,1304.0,8.0,3.4,70.0,70.0,613.0,32.0,26.9,12.3,40.92,2014
Kansas City Chiefs,281.0,5288.0,1024.0,5.2,14.0,8.0,310.0,318.0,545.0,3252.0,22.0,6.0,5.5,184.0,433.0,2036.0,4.0,4.7,108.0,107.0,851.0,18.0,32.6,6.7,-16.38,2014
Detroit Lions,282.0,4815.0,984.0,4.9,27.0,7.0,310.0,383.0,592.0,3706.0,23.0,20.0,5.8,209.0,350.0,1109.0,8.0,3.2,59.0,99.0,849.0,42.0,26.9,14.3,53.86,2014
Buffalo Bills,289.0,4995.0,1027.0,4.9,30.0,11.0,302.0,337.0,559.0,3292.0,16.0,19.0,5.4,171.0,414.0,1703.0,10.0,4.1,89.0,104.0,849.0,42.0,28.3,14.1,43.28,2014
Arizona Cardinals,299.0,5891.0,1010.0,5.8,25.0,7.0,300.0,365.0,579.0,4152.0,22.0,18.0,6.8,195.0,396.0,1739.0,9.0,4.4,77.0,130.0,1192.0,28.0,29.8,12.8,-9.75,2014
Baltimore Ravens,302.0,5391.0,1034.0,5.2,22.0,11.0,311.0,382.0,595.0,3979.0,22.0,11.0,6.2,205.0,390.0,1412.0,8.0,3.6,75.0,110.0,1007.0,31.0,33.3,11.7,-18.91,2014
Houston Texans,307.0,5571.0,1077.0,5.2,34.0,14.0,329.0,363.0,619.0,3890.0,28.0,20.0,5.9,206.0,420.0,1681.0,6.0,4.0,89.0,99.0,786.0,34.0,26.6,16.1,75.87,2014
New England Patriots,313.0,5506.0,1033.0,5.3,25.0,9.0,329.0,342.0,574.0,3837.0,24.0,16.0,6.2,196.0,419.0,1669.0,6.0,4.0,88.0,92.0,752.0,45.0,32.4,13.2,-51.58,2014
Cleveland Browns,337.0,5857.0,1118.0,5.2,29.0,8.0,348.0,335.0,587.0,3592.0,22.0,21.0,5.8,184.0,500.0,2265.0,13.0,4.5,126.0,98.0,769.0,38.0,32.3,13.6,-11.69,2014
San Francisco 49ers,340.0,5143.0,989.0,5.2,29.0,6.0,308.0,324.0,551.0,3531.0,29.0,23.0,6.0,188.0,402.0,1612.0,7.0,4.0,83.0,122.0,909.0,37.0,32.0,16.6,-11.11,2014
Minnesota Vikings,343.0,5515.0,1025.0,5.4,19.0,6.0,321.0,353.0,534.0,3572.0,26.0,13.0,6.2,189.0,450.0,1943.0,10.0,4.3,100.0,112.0,938.0,32.0,34.1,10.1,-39.67,2014
Cincinnati Bengals,344.0,5749.0,1067.0,5.4,26.0,6.0,337.0,365.0,608.0,3888.0,18.0,20.0,6.2,197.0,439.0,1861.0,16.0,4.2,105.0,105.0,876.0,35.0,32.6,13.6,-39.01,2014
San Diego Chargers,348.0,5413.0,988.0,5.5,18.0,11.0,307.0,320.0,524.0,3427.0,24.0,7.0,6.2,168.0,438.0,1986.0,11.0,4.5,98.0,129.0,1067.0,41.0,35.8,9.5,-52.29,2014
Green Bay Packers,348.0,5542.0,1054.0,5.3,27.0,9.0,339.0,333.0,564.0,3623.0,26.0,18.0,6.0,196.0,449.0,1919.0,11.0,4.3,116.0,104.0,945.0,27.0,33.1,14.9,-33.95,2014
Dallas Cowboys,352.0,5681.0,978.0,5.8,31.0,13.0,315.0,371.0,558.0,4031.0,22.0,18.0,6.9,195.0,392.0,1650.0,18.0,4.2,86.0,104.0,861.0,34.0,31.3,16.8,-69.98,2014
Denver Broncos,354.0,4883.0,1031.0,4.7,25.0,7.0,311.0,399.0,641.0,3607.0,29.0,18.0,5.3,219.0,349.0,1276.0,9.0,3.7,60.0,103.0,816.0,32.0,31.3,11.8,5.24,2014
St. Louis Rams,354.0,5626.0,1005.0,5.6,25.0,12.0,301.0,368.0,540.0,3861.0,18.0,13.0,6.7,189.0,425.0,1765.0,12.0,4.2,83.0,105.0,882.0,29.0,30.2,13.2,3.47,2014
Pittsburgh Steelers,368.0,5654.0,944.0,6.0,21.0,10.0,314.0,350.0,543.0,4049.0,30.0,11.0,7.0,193.0,368.0,1605.0,9.0,4.4,88.0,97.0,835.0,33.0,39.7,11.5,-73.84,2014
Indianapolis Colts,369.0,5483.0,1007.0,5.4,26.0,14.0,309.0,320.0,543.0,3669.0,27.0,12.0,6.3,175.0,423.0,1814.0,14.0,4.3,103.0,101.0,866.0,31.0,28.1,12.6,-12.0,2014
Miami Dolphins,373.0,5494.0,1029.0,5.3,25.0,11.0,309.0,338.0,537.0,3557.0,27.0,14.0,6.2,194.0,453.0,1937.0,13.0,4.3,99.0,105.0,920.0,16.0,36.7,13.3,-28.48,2014
Carolina Panthers,374.0,5437.0,999.0,5.4,26.0,12.0,309.0,364.0,562.0,3645.0,25.0,14.0,6.1,193.0,397.0,1792.0,14.0,4.5,91.0,97.0,760.0,25.0,34.1,14.0,-38.36,2014
Philadelphia Eagles,400.0,6009.0,1113.0,5.4,28.0,16.0,338.0,345.0,591.0,4238.0,30.0,12.0,6.6,211.0,473.0,1771.0,14.0,3.7,88.0,121.0,1089.0,39.0,31.1,12.7,-31.44,2014
New York Giants,400.0,6012.0,1007.0,6.0,26.0,9.0,326.0,324.0,522.0,3850.0,25.0,17.0,6.8,187.0,438.0,2162.0,15.0,4.9,112.0,105.0,948.0,27.0,35.4,12.8,-58.87,2014
New York Jets,401.0,5235.0,976.0,5.4,13.0,7.0,300.0,345.0,538.0,3746.0,31.0,6.0,6.4,194.0,393.0,1489.0,10.0,3.8,74.0,91.0,780.0,32.0,37.2,5.5,-70.4,2014
Tampa Bay Buccaneers,410.0,5903.0,1067.0,5.5,25.0,11.0,353.0,387.0,563.0,4084.0,28.0,14.0,6.8,223.0,468.0,1819.0,15.0,3.9,103.0,106.0,935.0,27.0,38.9,13.0,-84.36,2014
Jacksonville Jaguars,412.0,5932.0,1085.0,5.5,20.0,14.0,330.0,355.0,541.0,3899.0,24.0,6.0,6.7,200.0,499.0,2033.0,15.0,4.1,107.0,115.0,886.0,23.0,36.3,9.8,-46.95,2014
Atlanta Falcons,417.0,6372.0,1038.0,6.1,28.0,12.0,358.0,359.0,566.0,4478.0,20.0,16.0,7.6,224.0,450.0,1894.0,21.0,4.2,108.0,91.0,744.0,26.0,42.6,14.2,-128.96,2014
New Orleans Saints,424.0,6144.0,1022.0,6.0,17.0,5.0,345.0,341.0,546.0,4019.0,26.0,12.0,6.9,205.0,442.0,2125.0,17.0,4.8,111.0,105.0,889.0,29.0,43.3,9.9,-128.38,2014
Washington Redskins,438.0,5712.0,976.0,5.9,19.0,12.0,307.0,345.0,519.0,3990.0,35.0,7.0,7.2,195.0,421.0,1722.0,11.0,4.1,77.0,144.0,1164.0,35.0,37.4,8.8,-121.72,2014
Tennessee Titans,438.0,5968.0,1099.0,5.4,16.0,4.0,357.0,347.0,545.0,3773.0,28.0,12.0,6.5,211.0,515.0,2195.0,17.0,4.3,119.0,93.0,731.0,27.0,40.8,8.4,-111.18,2014
Chicago Bears,442.0,6033.0,1008.0,6.0,24.0,10.0,325.0,366.0,548.0,4230.0,34.0,14.0,7.2,227.0,421.0,1803.0,12.0,4.3,78.0,106.0,978.0,20.0,44.6,12.4,-102.23,2014
Oakland Raiders,452.0,5721.0,1041.0,5.5,14.0,5.0,320.0,343.0,538.0,3810.0,29.0,9.0,6.8,190.0,481.0,1911.0,17.0,4.0,95.0,116.0,941.0,35.0,39.6,6.6,-57.69,2014
Avg Team,361.4,5570.3,1024.3,5.4,23.7,9.6,320.5,350.0,558.7,3789.0,25.2,14.1,6.4,196.5,427.8,1781.3,11.9,4.2,92.7,105.8,888.4,31.3,34.1,12.1,-38.3,2014
League Total,11565.0,178249.0,32779.0,5.4,758.0,308.0,10255.0,11200.0,17879.0,121247.0,807.0,450.0,6.4,6288.0,13688.0,57002.0,380.0,4.2,2965.0,3386.0,28428.0,1002.0,34.1,12.1,,2014
Avg Tm/G,22.6,348.1,64.0,5.4,1.5,0.6,20.0,21.9,34.9,236.8,1.6,0.9,6.4,12.3,26.7,111.3,0.7,4.2,5.8,6.6,55.5,2.0,34.1,12.1,,2014
Seattle Seahawks,277.0,4668.0,947.0,4.9,23.0,9.0,273.0,333.0,548.0,3364.0,14.0,14.0,5.8,175.0,362.0,1304.0,10.0,3.6,71.0,94.0,795.0,27.0,29.3,13.2,59.08,2015
Cincinnati Bengals,279.0,5453.0,1032.0,5.3,28.0,7.0,307.0,415.0,646.0,3976.0,18.0,21.0,5.8,202.0,344.0,1477.0,8.0,4.3,74.0,116.0,1063.0,31.0,28.9,15.0,40.96,2015
Kansas City Chiefs,287.0,5269.0,1037.0,5.1,29.0,7.0,313.0,349.0,607.0,3698.0,25.0,22.0,5.7,193.0,383.0,1571.0,7.0,4.1,86.0,110.0,941.0,34.0,27.3,15.3,105.76,2015
Denver Broncos,296.0,4530.0,1033.0,4.4,27.0,13.0,289.0,344.0,573.0,3193.0,19.0,14.0,5.1,162.0,408.0,1337.0,10.0,3.3,81.0,104.0,773.0,46.0,26.9,11.9,141.46,2015
Minnesota Vikings,302.0,5510.0,1015.0,5.4,22.0,9.0,318.0,359.0,561.0,3762.0,24.0,13.0,6.2,189.0,411.0,1748.0,7.0,4.3,94.0,109.0,875.0,35.0,33.3,11.9,11.53,2015
Carolina Panthers,308.0,5167.0,1058.0,4.9,39.0,15.0,298.0,390.0,650.0,3752.0,21.0,24.0,5.4,198.0,364.0,1415.0,11.0,3.9,74.0,99.0,822.0,26.0,26.5,19.4,117.7,2015
Arizona Cardinals,313.0,5147.0,982.0,5.2,33.0,14.0,284.0,343.0,573.0,3687.0,24.0,19.0,6.1,177.0,373.0,1460.0,9.0,3.9,79.0,130.0,1202.0,28.0,31.7,16.7,34.93,2015
Houston Texans,313.0,4963.0,986.0,5.0,25.0,11.0,281.0,326.0,553.0,3366.0,24.0,14.0,5.6,173.0,388.0,1597.0,10.0,4.1,79.0,116.0,991.0,29.0,27.3,11.1,46.6,2015
New York Jets,314.0,5098.0,1013.0,5.0,30.0,12.0,271.0,343.0,601.0,3763.0,25.0,18.0,5.9,185.0,373.0,1335.0,4.0,3.6,62.0,90.0,767.0,24.0,28.4,14.4,59.35,2015
New England Patriots,315.0,5430.0,1042.0,5.2,21.0,9.0,303.0,361.0,596.0,3852.0,24.0,12.0,6.0,204.0,397.0,1578.0,8.0,4.0,77.0,112.0,1013.0,22.0,28.9,10.5,27.26,2015
Pittsburgh Steelers,319.0,5809.0,1055.0,5.5,30.0,13.0,327.0,402.0,625.0,4350.0,29.0,17.0,6.5,231.0,382.0,1459.0,6.0,3.8,71.0,121.0,1199.0,25.0,32.3,14.3,37.09,2015
Green Bay Packers,323.0,5547.0,1014.0,5.5,22.0,6.0,300.0,321.0,551.0,3642.0,20.0,16.0,6.1,183.0,420.0,1905.0,13.0,4.5,96.0,120.0,1107.0,21.0,31.3,11.5,-9.81,2015
St. Louis Rams,330.0,5885.0,1091.0,5.4,26.0,13.0,320.0,399.0,597.0,4065.0,21.0,13.0,6.4,192.0,453.0,1820.0,7.0,4.0,98.0,109.0,992.0,30.0,31.8,12.1,35.44,2015
Atlanta Falcons,345.0,5562.0,996.0,5.6,23.0,8.0,335.0,370.0,561.0,3882.0,19.0,15.0,6.7,197.0,416.0,1680.0,20.0,4.0,107.0,95.0,728.0,31.0,34.3,13.4,-27.98,2015
Buffalo Bills,359.0,5702.0,1017.0,5.6,25.0,8.0,322.0,347.0,602.0,3972.0,30.0,17.0,6.4,198.0,394.0,1730.0,10.0,4.4,87.0,113.0,906.0,37.0,32.5,11.0,-32.74,2015
Dallas Cowboys,374.0,5567.0,997.0,5.6,11.0,3.0,317.0,330.0,506.0,3636.0,19.0,8.0,6.8,172.0,460.0,1931.0,16.0,4.2,113.0,113.0,900.0,32.0,36.7,5.6,-52.8,2015
Washington Redskins,379.0,6090.0,1010.0,6.0,27.0,16.0,329.0,354.0,566.0,4128.0,30.0,11.0,6.8,202.0,406.0,1962.0,10.0,4.8,103.0,112.0,955.0,24.0,35.4,14.9,-55.35,2015
San Francisco 49ers,387.0,6199.0,1081.0,5.7,12.0,3.0,356.0,375.0,549.0,4179.0,21.0,9.0,7.2,199.0,504.0,2020.0,20.0,4.0,128.0,112.0,920.0,29.0,37.9,6.6,-84.98,2015
Miami Dolphins,389.0,6019.0,1076.0,5.6,16.0,3.0,351.0,350.0,542.0,4000.0,31.0,13.0,7.0,203.0,503.0,2019.0,13.0,4.0,112.0,121.0,1005.0,36.0,34.0,8.4,-105.08,2015
Chicago Bears,397.0,5527.0,981.0,5.6,17.0,9.0,307.0,322.0,513.0,3593.0,31.0,8.0,6.6,182.0,433.0,1934.0,9.0,4.5,103.0,98.0,895.0,22.0,36.6,8.0,-70.66,2015
San Diego Chargers,398.0,5791.0,959.0,6.0,20.0,9.0,299.0,328.0,510.0,3786.0,22.0,11.0,7.0,170.0,417.0,2005.0,17.0,4.8,101.0,120.0,976.0,28.0,37.8,10.0,-81.04,2015
Oakland Raiders,399.0,5818.0,1085.0,5.4,25.0,11.0,344.0,404.0,641.0,4140.0,25.0,14.0,6.1,206.0,406.0,1678.0,12.0,4.1,94.0,104.0,943.0,44.0,38.2,11.5,-38.94,2015
Detroit Lions,400.0,5597.0,999.0,5.6,19.0,10.0,319.0,360.0,528.0,3789.0,27.0,9.0,6.6,191.0,428.0,1808.0,18.0,4.2,96.0,96.0,785.0,32.0,38.2,9.1,-73.05,2015
Baltimore Ravens,401.0,5398.0,1000.0,5.4,14.0,8.0,311.0,350.0,545.0,3737.0,30.0,6.0,6.4,189.0,418.0,1661.0,10.0,4.0,80.0,103.0,748.0,42.0,37.4,7.0,-71.18,2015
Indianapolis Colts,408.0,6066.0,1072.0,5.7,25.0,8.0,331.0,354.0,585.0,4114.0,29.0,17.0,6.6,210.0,452.0,1952.0,14.0,4.3,89.0,133.0,1168.0,32.0,36.6,12.4,-26.88,2015
Tampa Bay Buccaneers,417.0,5446.0,1045.0,5.2,23.0,12.0,351.0,378.0,541.0,3840.0,31.0,11.0,6.6,208.0,466.0,1606.0,12.0,3.4,104.0,104.0,862.0,39.0,41.7,12.8,-79.88,2015
Tennessee Titans,423.0,5475.0,1004.0,5.5,19.0,8.0,317.0,319.0,503.0,3678.0,34.0,11.0,6.8,192.0,462.0,1797.0,11.0,3.9,101.0,112.0,982.0,24.0,36.6,8.1,-54.91,2015
Philadelphia Eagles,430.0,6426.0,1148.0,5.6,26.0,11.0,365.0,394.0,633.0,4273.0,36.0,15.0,6.4,239.0,478.0,2153.0,10.0,4.5,100.0,123.0,1049.0,26.0,36.0,11.8,-74.73,2015
Cleveland Browns,432.0,6067.0,998.0,6.1,21.0,10.0,321.0,322.0,511.0,4012.0,34.0,11.0,7.4,186.0,458.0,2055.0,11.0,4.5,104.0,108.0,833.0,31.0,41.9,11.7,-95.96,2015
New York Giants,442.0,6725.0,1105.0,6.1,28.0,13.0,367.0,423.0,638.0,4783.0,31.0,15.0,7.2,236.0,444.0,1942.0,15.0,4.4,104.0,120.0,1077.0,27.0,40.5,14.2,-103.42,2015
Jacksonville Jaguars,448.0,6000.0,1102.0,5.4,18.0,9.0,362.0,390.0,602.0,4291.0,29.0,9.0,6.7,222.0,464.0,1709.0,15.0,3.7,102.0,114.0,989.0,38.0,38.1,8.8,-75.65,2015
New Orleans Saints,476.0,6615.0,997.0,6.6,22.0,13.0,380.0,372.0,544.0,4544.0,45.0,9.0,7.9,223.0,422.0,2071.0,12.0,4.9,103.0,114.0,887.0,54.0,43.9,11.7,-180.12,2015
Avg Team,365.0,5642.5,1030.4,5.5,23.3,9.7,320.9,360.2,571.8,3901.1,26.3,13.6,6.4,196.5,421.5,1741.4,11.4,4.1,92.9,110.8,942.1,31.4,34.3,11.7,-21.2,2015
League Total,11680.0,180560.0,32973.0,5.5,746.0,310.0,10268.0,11527.0,18298.0,124836.0,842.0,436.0,6.4,6289.0,13488.0,55724.0,365.0,4.1,2973.0,3545.0,30148.0,1006.0,34.3,11.7,,2015
Avg Tm/G,22.8,352.7,64.4,5.5,1.5,0.6,20.1,22.5,35.7,243.8,1.6,0.9,6.4,12.3,26.3,108.8,0.7,4.1,5.8,6.9,58.9,2.0,34.3,11.7,,2015
New England Patriots,250.0,5223.0,998.0,5.2,23.0,10.0,294.0,368.0,596.0,3806.0,21.0,13.0,6.0,190.0,368.0,1417.0,6.0,3.9,81.0,113.0,930.0,23.0,26.8,11.2,108.15,2016
New York Giants,284.0,5435.0,1062.0,5.1,25.0,8.0,298.0,369.0,630.0,4018.0,15.0,17.0,6.0,191.0,397.0,1417.0,10.0,3.6,82.0,104.0,853.0,25.0,29.9,12.2,98.26,2016
Seattle Seahawks,292.0,5099.0,1020.0,5.0,19.0,8.0,307.0,331.0,537.0,3612.0,16.0,11.0,6.2,180.0,441.0,1487.0,16.0,3.4,94.0,103.0,925.0,33.0,28.3,10.3,69.7,2016
Denver Broncos,297.0,5057.0,1076.0,4.7,27.0,13.0,306.0,306.0,552.0,2972.0,13.0,14.0,5.0,169.0,482.0,2085.0,15.0,4.3,101.0,110.0,990.0,36.0,29.4,12.2,144.49,2016
Dallas Cowboys,306.0,5503.0,1009.0,5.5,20.0,11.0,330.0,425.0,633.0,4167.0,25.0,9.0,6.2,226.0,340.0,1336.0,9.0,3.9,79.0,90.0,784.0,25.0,35.1,11.3,-27.42,2016
Minnesota Vikings,307.0,5038.0,993.0,5.1,27.0,13.0,304.0,332.0,548.0,3327.0,22.0,14.0,5.6,186.0,404.0,1711.0,9.0,4.2,87.0,99.0,825.0,31.0,33.3,14.1,97.72,2016
Kansas City Chiefs,311.0,5896.0,1063.0,5.5,33.0,15.0,342.0,350.0,598.0,3958.0,23.0,18.0,6.3,209.0,437.0,1938.0,10.0,4.4,102.0,109.0,797.0,31.0,31.9,16.5,59.03,2016
Cincinnati Bengals,315.0,5612.0,1038.0,5.4,20.0,3.0,327.0,374.0,593.0,3800.0,22.0,17.0,6.1,196.0,412.0,1812.0,12.0,4.4,95.0,105.0,950.0,36.0,34.7,11.4,-0.36,2016
Baltimore Ravens,321.0,5154.0,993.0,5.2,28.0,10.0,294.0,369.0,578.0,3724.0,28.0,18.0,6.1,190.0,384.0,1430.0,10.0,3.7,74.0,94.0,900.0,30.0,28.1,14.1,50.21,2016
Pittsburgh Steelers,327.0,5482.0,997.0,5.5,23.0,10.0,313.0,381.0,590.0,3882.0,20.0,13.0,6.2,184.0,369.0,1600.0,15.0,4.3,95.0,109.0,920.0,34.0,34.5,11.9,13.12,2016
Houston Texans,328.0,4821.0,950.0,5.1,17.0,6.0,272.0,319.0,522.0,3226.0,20.0,11.0,5.8,157.0,397.0,1595.0,13.0,4.0,87.0,114.0,949.0,28.0,31.7,9.1,88.96,2016
Philadelphia Eagles,331.0,5484.0,978.0,5.6,26.0,10.0,300.0,333.0,553.0,3832.0,25.0,16.0,6.5,177.0,391.0,1652.0,10.0,4.2,89.0,99.0,837.0,34.0,33.9,13.4,25.9,2016
Detroit Lions,358.0,5676.0,964.0,5.9,14.0,4.0,333.0,399.0,549.0,3975.0,33.0,10.0,6.9,206.0,389.0,1701.0,8.0,4.4,99.0,122.0,979.0,28.0,39.4,8.8,-88.0,2016
Arizona Cardinals,362.0,4883.0,1019.0,4.8,28.0,14.0,293.0,344.0,547.0,3365.0,21.0,14.0,5.7,175.0,424.0,1518.0,16.0,3.6,90.0,123.0,1010.0,28.0,32.5,12.9,81.68,2016
Tampa Bay Buccaneers,369.0,5887.0,1013.0,5.8,29.0,12.0,326.0,347.0,548.0,4012.0,24.0,17.0,6.8,203.0,427.0,1875.0,15.0,4.4,102.0,121.0,1061.0,21.0,35.9,14.7,39.69,2016
Tennessee Titans,378.0,5720.0,1031.0,5.5,18.0,6.0,324.0,388.0,635.0,4307.0,25.0,12.0,6.4,227.0,356.0,1413.0,10.0,4.0,70.0,137.0,1191.0,27.0,35.0,9.0,8.52,2016
Buffalo Bills,378.0,5712.0,1019.0,5.6,18.0,6.0,338.0,306.0,511.0,3582.0,19.0,12.0,6.5,183.0,469.0,2130.0,21.0,4.5,122.0,106.0,884.0,33.0,38.8,9.3,46.56,2016
Miami Dolphins,380.0,6122.0,1088.0,5.6,25.0,9.0,349.0,368.0,591.0,3875.0,30.0,16.0,6.2,199.0,464.0,2247.0,12.0,4.8,109.0,109.0,919.0,41.0,35.1,12.9,-16.46,2016
Washington Redskins,383.0,6046.0,1050.0,5.8,21.0,8.0,368.0,387.0,589.0,4130.0,22.0,13.0,6.6,225.0,423.0,1916.0,19.0,4.5,109.0,100.0,1023.0,34.0,38.5,11.8,-32.66,2016
Oakland Raiders,385.0,6001.0,987.0,6.1,30.0,14.0,318.0,328.0,541.0,4120.0,27.0,16.0,7.3,188.0,421.0,1881.0,18.0,4.5,94.0,115.0,1062.0,36.0,35.3,14.2,-28.15,2016
Green Bay Packers,388.0,5823.0,987.0,5.9,25.0,8.0,329.0,370.0,571.0,4308.0,32.0,17.0,7.1,227.0,376.0,1515.0,11.0,4.0,80.0,109.0,964.0,22.0,41.0,13.9,-29.27,2016
Indianapolis Colts,392.0,6126.0,1024.0,6.0,17.0,9.0,353.0,378.0,582.0,4200.0,27.0,8.0,6.8,225.0,409.0,1926.0,12.0,4.7,93.0,125.0,1155.0,35.0,41.5,9.7,-46.92,2016
Los Angeles Rams,394.0,5392.0,1037.0,5.2,18.0,8.0,325.0,378.0,582.0,3732.0,32.0,10.0,6.1,194.0,424.0,1660.0,12.0,3.9,91.0,108.0,920.0,40.0,31.3,9.4,-2.88,2016
Chicago Bears,399.0,5548.0,1012.0,5.5,11.0,3.0,322.0,342.0,530.0,3598.0,22.0,8.0,6.3,188.0,445.0,1950.0,18.0,4.4,99.0,103.0,959.0,35.0,42.0,6.3,-68.19,2016
Jacksonville Jaguars,400.0,5147.0,1030.0,5.0,13.0,6.0,305.0,345.0,551.0,3444.0,20.0,7.0,5.9,174.0,446.0,1703.0,17.0,3.8,93.0,101.0,948.0,38.0,39.3,5.8,40.52,2016
Carolina Panthers,402.0,5756.0,1035.0,5.6,27.0,10.0,329.0,409.0,612.0,4291.0,27.0,17.0,6.5,223.0,376.0,1465.0,11.0,3.9,90.0,112.0,907.0,16.0,36.2,13.8,57.81,2016
Atlanta Falcons,406.0,5939.0,1059.0,5.6,22.0,10.0,358.0,422.0,655.0,4267.0,31.0,12.0,6.2,232.0,370.0,1672.0,15.0,4.5,95.0,113.0,974.0,31.0,39.2,11.4,-34.14,2016
New York Jets,409.0,5479.0,1000.0,5.5,14.0,6.0,318.0,347.0,545.0,3898.0,30.0,8.0,6.8,203.0,428.0,1581.0,11.0,3.7,86.0,74.0,651.0,29.0,37.7,7.1,-55.99,2016
San Diego Chargers,423.0,5554.0,1025.0,5.4,28.0,10.0,329.0,364.0,580.0,3987.0,21.0,18.0,6.5,204.0,410.0,1567.0,20.0,3.8,98.0,119.0,837.0,27.0,39.8,14.5,71.88,2016
Cleveland Browns,452.0,6279.0,1067.0,5.9,13.0,3.0,364.0,347.0,543.0,3996.0,36.0,10.0,7.0,220.0,498.0,2283.0,18.0,4.6,121.0,104.0,930.0,23.0,40.8,6.1,-128.14,2016
New Orleans Saints,454.0,6006.0,1008.0,6.0,21.0,12.0,353.0,378.0,582.0,4380.0,27.0,9.0,7.2,230.0,396.0,1626.0,19.0,4.1,91.0,104.0,881.0,32.0,45.3,12.2,-61.65,2016
San Francisco 49ers,480.0,6502.0,1102.0,5.9,20.0,10.0,358.0,322.0,521.0,3848.0,30.0,10.0,6.9,187.0,548.0,2654.0,25.0,4.8,140.0,93.0,780.0,31.0,41.4,9.4,-52.22,2016
Avg Team,364.4,5606.3,1022.9,5.5,21.9,8.9,324.3,360.2,571.7,3863.7,24.6,13.0,6.4,199.0,416.3,1742.6,13.8,4.2,94.9,107.7,928.0,30.4,35.6,11.3,13.4,2016
League Total,11661.0,179402.0,32734.0,5.5,700.0,285.0,10379.0,11526.0,18295.0,123639.0,786.0,415.0,6.4,6368.0,13321.0,55763.0,443.0,4.2,3038.0,3447.0,29695.0,973.0,35.6,11.3,,2016
Avg Tm/G,22.8,350.4,63.9,5.5,1.4,0.6,20.3,22.5,35.7,241.5,1.5,0.8,6.4,12.4,26.0,108.9,0.9,4.2,5.9,6.7,58.0,1.9,35.6,11.3,,2016
Minnesota Vikings,252.0,4415.0,956.0,4.6,19.0,5.0,260.0,324.0,555.0,3078.0,13.0,14.0,5.2,168.0,364.0,1337.0,10.0,3.7,59.0,105.0,928.0,33.0,27.9,10.1,145.07,2017
Jacksonville Jaguars,268.0,4578.0,993.0,4.6,33.0,12.0,257.0,289.0,509.0,2718.0,17.0,21.0,4.8,143.0,429.0,1860.0,9.0,4.3,91.0,112.0,1050.0,23.0,23.9,15.6,252.15,2017
Los Angeles Chargers,272.0,5254.0,997.0,5.3,27.0,9.0,282.0,329.0,524.0,3156.0,17.0,18.0,5.6,153.0,430.0,2098.0,11.0,4.9,99.0,109.0,996.0,30.0,28.5,15.1,120.25,2017
Philadelphia Eagles,295.0,4904.0,976.0,5.0,31.0,12.0,272.0,363.0,601.0,3637.0,24.0,19.0,5.7,177.0,337.0,1267.0,7.0,3.8,62.0,101.0,917.0,33.0,27.1,15.4,162.09,2017
New England Patriots,296.0,5856.0,1022.0,5.7,18.0,6.0,325.0,367.0,590.0,4020.0,24.0,12.0,6.4,204.0,390.0,1836.0,6.0,4.7,98.0,111.0,1035.0,23.0,30.2,9.9,12.09,2017
Baltimore Ravens,303.0,5201.0,1045.0,5.0,34.0,12.0,296.0,333.0,569.0,3421.0,18.0,22.0,5.6,179.0,435.0,1780.0,12.0,4.1,87.0,96.0,807.0,30.0,29.7,17.4,181.55,2017
Pittsburgh Steelers,308.0,4910.0,940.0,5.2,22.0,6.0,270.0,297.0,499.0,3217.0,20.0,16.0,5.8,157.0,385.0,1693.0,14.0,4.4,89.0,110.0,1041.0,24.0,30.3,12.4,31.72,2017
Atlanta Falcons,315.0,5094.0,994.0,5.1,16.0,8.0,323.0,362.0,553.0,3429.0,22.0,8.0,5.8,197.0,402.0,1665.0,9.0,4.1,97.0,103.0,880.0,29.0,36.0,9.1,127.47,2017
Chicago Bears,320.0,5106.0,1003.0,5.1,22.0,14.0,298.0,343.0,529.0,3376.0,18.0,8.0,5.9,180.0,432.0,1730.0,10.0,4.0,85.0,118.0,910.0,33.0,33.1,11.2,129.87,2017
New Orleans Saints,326.0,5384.0,1002.0,5.4,25.0,5.0,308.0,329.0,554.0,3597.0,22.0,20.0,6.0,172.0,406.0,1787.0,11.0,4.4,92.0,108.0,850.0,44.0,33.3,13.6,64.3,2017
Carolina Panthers,327.0,5074.0,953.0,5.3,21.0,11.0,282.0,351.0,550.0,3665.0,25.0,10.0,6.1,187.0,353.0,1409.0,7.0,4.0,69.0,101.0,867.0,26.0,33.9,11.7,102.03,2017
Los Angeles Rams,329.0,5432.0,1021.0,5.3,28.0,10.0,300.0,324.0,555.0,3475.0,21.0,18.0,5.8,181.0,418.0,1957.0,15.0,4.7,86.0,102.0,808.0,33.0,30.6,14.0,100.44,2017
Dallas Cowboys,332.0,5089.0,1000.0,5.1,21.0,11.0,312.0,371.0,559.0,3425.0,28.0,10.0,5.7,181.0,403.0,1664.0,7.0,4.1,96.0,107.0,880.0,35.0,31.6,10.5,29.89,2017
Seattle Seahawks,332.0,5171.0,1045.0,4.9,25.0,11.0,316.0,325.0,554.0,3347.0,19.0,14.0,5.6,181.0,452.0,1824.0,14.0,4.0,90.0,102.0,878.0,45.0,33.2,11.9,125.66,2017
Kansas City Chiefs,339.0,5842.0,1044.0,5.6,26.0,10.0,352.0,325.0,570.0,3952.0,23.0,16.0,6.6,204.0,443.0,1890.0,15.0,4.3,112.0,107.0,864.0,36.0,33.5,13.4,37.66,2017
Cincinnati Bengals,349.0,5425.0,1091.0,5.0,14.0,3.0,325.0,336.0,561.0,3379.0,20.0,11.0,5.6,173.0,489.0,2046.0,13.0,4.2,111.0,106.0,906.0,41.0,37.0,7.6,159.55,2017
Tennessee Titans,356.0,5248.0,1046.0,5.0,21.0,9.0,323.0,369.0,605.0,3828.0,27.0,12.0,5.9,231.0,398.0,1420.0,5.0,3.6,68.0,119.0,942.0,24.0,37.3,10.8,77.51,2017
Buffalo Bills,359.0,5682.0,1066.0,5.3,25.0,7.0,348.0,370.0,573.0,3688.0,14.0,18.0,6.1,199.0,466.0,1994.0,22.0,4.3,121.0,97.0,873.0,28.0,37.2,13.1,86.45,2017
Arizona Cardinals,361.0,4973.0,1008.0,4.9,21.0,6.0,283.0,343.0,564.0,3541.0,24.0,15.0,5.9,187.0,407.0,1432.0,12.0,3.5,68.0,129.0,1128.0,28.0,31.5,10.5,143.08,2017
Oakland Raiders,373.0,5601.0,994.0,5.6,14.0,9.0,304.0,361.0,530.0,3858.0,24.0,5.0,6.9,187.0,433.0,1743.0,11.0,4.0,93.0,102.0,944.0,24.0,40.9,7.0,11.52,2017
Detroit Lions,376.0,5692.0,1037.0,5.5,32.0,13.0,349.0,366.0,570.0,3892.0,21.0,19.0,6.4,205.0,432.0,1800.0,18.0,4.2,109.0,110.0,971.0,35.0,32.3,16.1,122.96,2017
New York Jets,382.0,5636.0,1052.0,5.4,20.0,9.0,329.0,329.0,558.0,3749.0,30.0,11.0,6.4,191.0,466.0,1887.0,13.0,4.0,88.0,114.0,981.0,50.0,33.3,10.4,41.98,2017
Denver Broncos,382.0,4640.0,952.0,4.9,17.0,7.0,266.0,294.0,491.0,3210.0,29.0,10.0,6.1,166.0,428.0,1430.0,9.0,3.3,68.0,89.0,821.0,32.0,32.5,8.8,131.2,2017
Tampa Bay Buccaneers,382.0,6049.0,1011.0,6.0,26.0,13.0,327.0,371.0,549.0,4169.0,22.0,13.0,7.3,202.0,440.0,1880.0,17.0,4.3,102.0,109.0,937.0,23.0,38.9,13.1,50.69,2017
San Francisco 49ers,383.0,5625.0,1065.0,5.3,20.0,10.0,343.0,344.0,544.0,3764.0,27.0,10.0,6.6,198.0,491.0,1861.0,13.0,3.8,108.0,97.0,791.0,37.0,37.8,10.1,25.99,2017
Green Bay Packers,384.0,5582.0,1014.0,5.5,22.0,11.0,331.0,348.0,513.0,3789.0,30.0,11.0,6.9,211.0,464.0,1793.0,10.0,3.9,95.0,94.0,832.0,25.0,40.2,11.5,16.38,2017
New York Giants,388.0,5971.0,1052.0,5.7,19.0,6.0,313.0,347.0,561.0,4038.0,32.0,13.0,6.9,189.0,464.0,1933.0,10.0,4.2,101.0,115.0,923.0,23.0,35.5,9.6,95.0,2017
Washington Redskins,388.0,5566.0,1045.0,5.3,23.0,7.0,307.0,306.0,531.0,3420.0,23.0,16.0,6.0,171.0,472.0,2146.0,13.0,4.5,105.0,100.0,887.0,31.0,35.9,11.8,120.68,2017
Miami Dolphins,393.0,5371.0,989.0,5.4,15.0,6.0,319.0,339.0,528.0,3603.0,26.0,9.0,6.5,190.0,431.0,1768.0,14.0,4.1,88.0,122.0,1077.0,41.0,36.6,8.1,61.09,2017
Indianapolis Colts,404.0,5873.0,1026.0,5.7,20.0,7.0,324.0,320.0,513.0,3946.0,23.0,13.0,7.3,192.0,488.0,1927.0,15.0,3.9,99.0,102.0,822.0,33.0,39.7,10.3,5.01,2017
Cleveland Browns,410.0,5250.0,1026.0,5.1,13.0,6.0,315.0,360.0,525.0,3684.0,28.0,7.0,6.6,189.0,467.0,1566.0,14.0,3.4,95.0,101.0,906.0,31.0,36.2,6.9,13.99,2017
Houston Texans,436.0,5546.0,973.0,5.7,16.0,5.0,301.0,321.0,501.0,3799.0,30.0,11.0,7.1,176.0,440.0,1747.0,14.0,4.0,88.0,122.0,1128.0,37.0,39.7,7.7,47.22,2017
Avg Team,347.5,5345.0,1013.7,5.3,22.1,8.6,308.1,339.3,546.5,3589.7,23.2,13.4,6.1,185.0,429.8,1755.3,11.9,4.1,91.2,106.9,924.4,31.9,33.8,11.4,88.5,2017
League Total,11120.0,171040.0,32438.0,5.3,706.0,276.0,9860.0,10856.0,17488.0,114870.0,741.0,430.0,6.1,5921.0,13755.0,56170.0,380.0,4.1,2919.0,3420.0,29580.0,1020.0,33.8,11.4,,2017
Avg Tm/G,21.7,334.1,63.4,5.3,1.4,0.5,19.3,21.2,34.2,224.4,1.4,0.8,6.1,11.6,26.9,109.7,0.7,4.1,5.7,6.7,57.8,2.0,33.8,11.4,,2017
Chicago Bears,283.0,4795.0,1004.0,4.8,36.0,9.0,278.0,377.0,615.0,3515.0,22.0,27.0,5.3,186.0,339.0,1280.0,5.0,3.8,67.0,114.0,1022.0,25.0,28.6,19.5,95.5,2018
Baltimore Ravens,287.0,4687.0,974.0,4.8,17.0,5.0,286.0,337.0,577.0,3360.0,21.0,12.0,5.4,174.0,354.0,1327.0,11.0,3.7,82.0,113.0,1017.0,30.0,29.1,9.5,39.88,2018
Tennessee Titans,303.0,5334.0,1001.0,5.3,17.0,6.0,298.0,337.0,533.0,3471.0,21.0,11.0,6.1,182.0,429.0,1863.0,9.0,4.3,98.0,120.0,984.0,18.0,33.1,9.9,-22.13,2018
Houston Texans,316.0,5490.0,1022.0,5.4,29.0,14.0,298.0,385.0,594.0,4167.0,28.0,15.0,6.5,200.0,385.0,1323.0,8.0,3.4,76.0,117.0,945.0,22.0,31.6,13.9,-10.29,2018
Jacksonville Jaguars,316.0,4983.0,970.0,5.1,17.0,6.0,288.0,312.0,499.0,3113.0,17.0,11.0,5.8,162.0,434.0,1870.0,16.0,4.3,89.0,92.0,735.0,37.0,33.1,8.3,4.66,2018
Dallas Cowboys,324.0,5268.0,981.0,5.4,20.0,11.0,309.0,367.0,542.0,3755.0,22.0,9.0,6.5,193.0,400.0,1513.0,12.0,3.8,89.0,89.0,681.0,27.0,36.5,12.0,-52.66,2018
New England Patriots,325.0,5746.0,1002.0,5.7,28.0,10.0,322.0,370.0,605.0,3943.0,29.0,18.0,6.2,208.0,367.0,1803.0,7.0,4.9,93.0,91.0,838.0,21.0,32.6,15.0,-32.66,2018
Los Angeles Chargers,329.0,5339.0,981.0,5.4,20.0,7.0,311.0,351.0,548.0,3646.0,23.0,13.0,6.2,178.0,395.0,1693.0,11.0,4.3,101.0,103.0,828.0,32.0,33.7,11.8,-38.61,2018
Minnesota Vikings,341.0,4955.0,993.0,5.0,20.0,8.0,303.0,315.0,503.0,3140.0,15.0,12.0,5.7,160.0,440.0,1815.0,13.0,4.1,107.0,106.0,834.0,36.0,33.7,10.5,23.15,2018
Indianapolis Colts,344.0,5435.0,997.0,5.5,26.0,11.0,315.0,384.0,542.0,3805.0,21.0,15.0,6.6,203.0,417.0,1630.0,12.0,3.9,87.0,131.0,1115.0,25.0,35.5,14.5,-37.23,2018
Seattle Seahawks,347.0,5653.0,955.0,5.9,26.0,14.0,323.0,355.0,546.0,3842.0,26.0,12.0,6.5,201.0,366.0,1811.0,9.0,4.9,91.0,108.0,981.0,31.0,35.2,14.2,-61.32,2018
Philadelphia Eagles,348.0,5859.0,1002.0,5.8,17.0,7.0,308.0,417.0,626.0,4308.0,22.0,10.0,6.4,215.0,332.0,1551.0,14.0,4.7,71.0,115.0,995.0,22.0,38.6,9.1,-90.19,2018
Denver Broncos,349.0,5842.0,1022.0,5.7,28.0,11.0,318.0,353.0,549.0,3929.0,26.0,17.0,6.6,197.0,429.0,1913.0,11.0,4.5,85.0,123.0,1006.0,36.0,34.1,14.1,-39.47,2018
New Orleans Saints,353.0,5585.0,978.0,5.7,24.0,12.0,333.0,384.0,573.0,4302.0,30.0,12.0,6.9,224.0,356.0,1283.0,12.0,3.6,72.0,85.0,814.0,37.0,36.0,14.6,-83.8,2018
Washington Redskins,359.0,5654.0,996.0,5.7,26.0,11.0,330.0,362.0,537.0,3794.0,27.0,15.0,6.5,197.0,413.0,1860.0,12.0,4.5,109.0,102.0,791.0,24.0,35.1,14.6,-87.52,2018
Detroit Lions,360.0,5360.0,942.0,5.7,14.0,7.0,315.0,323.0,496.0,3599.0,29.0,7.0,6.7,191.0,403.0,1761.0,11.0,4.4,88.0,94.0,886.0,36.0,34.5,7.0,-100.68,2018
Pittsburgh Steelers,360.0,5235.0,987.0,5.3,15.0,7.0,317.0,362.0,566.0,3697.0,27.0,8.0,6.0,200.0,369.0,1538.0,13.0,4.2,84.0,136.0,1170.0,33.0,33.7,8.2,-52.4,2018
Buffalo Bills,374.0,4706.0,968.0,4.9,27.0,11.0,293.0,313.0,492.0,2867.0,22.0,16.0,5.4,157.0,440.0,1839.0,17.0,4.2,111.0,99.0,976.0,25.0,33.3,14.3,20.12,2018
Carolina Panthers,382.0,5651.0,948.0,6.0,23.0,10.0,315.0,353.0,529.0,3847.0,32.0,13.0,6.8,185.0,384.0,1804.0,13.0,4.7,110.0,91.0,805.0,20.0,38.0,12.9,-112.34,2018
Los Angeles Rams,384.0,5737.0,960.0,6.0,30.0,12.0,322.0,347.0,533.0,3780.0,31.0,18.0,6.6,185.0,386.0,1957.0,12.0,5.1,101.0,99.0,852.0,36.0,38.2,16.9,-74.04,2018
Cleveland Browns,392.0,6288.0,1122.0,5.6,31.0,14.0,377.0,393.0,626.0,4125.0,21.0,17.0,6.2,216.0,459.0,2163.0,20.0,4.7,130.0,119.0,990.0,31.0,35.3,15.4,-46.08,2018
Green Bay Packers,400.0,5670.0,1017.0,5.6,15.0,8.0,331.0,336.0,527.0,3752.0,30.0,7.0,6.6,199.0,446.0,1918.0,15.0,4.3,100.0,97.0,792.0,32.0,37.9,8.2,-105.4,2018
New York Giants,412.0,5942.0,1034.0,5.7,21.0,5.0,346.0,362.0,560.0,4044.0,24.0,16.0,6.9,205.0,444.0,1898.0,18.0,4.3,103.0,110.0,919.0,38.0,40.9,11.6,-107.2,2018
Kansas City Chiefs,421.0,6488.0,1109.0,5.9,27.0,12.0,419.0,406.0,632.0,4374.0,30.0,15.0,6.4,247.0,425.0,2114.0,19.0,5.0,129.0,107.0,881.0,43.0,40.8,14.9,-163.28,2018
Atlanta Falcons,423.0,6152.0,1031.0,6.0,19.0,4.0,375.0,398.0,585.0,4153.0,33.0,15.0,6.7,226.0,409.0,1999.0,16.0,4.9,115.0,108.0,1001.0,34.0,41.5,10.5,-159.71,2018
Arizona Cardinals,425.0,5741.0,1065.0,5.4,16.0,9.0,357.0,342.0,506.0,3262.0,21.0,7.0,5.9,186.0,510.0,2479.0,25.0,4.9,139.0,100.0,790.0,32.0,38.0,8.6,-85.72,2018
Miami Dolphins,433.0,6257.0,1024.0,6.1,28.0,7.0,350.0,335.0,508.0,3932.0,31.0,21.0,7.3,195.0,485.0,2325.0,17.0,4.8,116.0,107.0,856.0,39.0,39.9,14.2,-124.79,2018
San Francisco 49ers,435.0,5546.0,1023.0,5.4,7.0,5.0,337.0,344.0,542.0,3732.0,35.0,2.0,6.4,195.0,444.0,1814.0,13.0,4.1,104.0,117.0,1011.0,38.0,39.8,3.9,-126.92,2018
New York Jets,441.0,6086.0,1061.0,5.7,20.0,7.0,343.0,367.0,582.0,4065.0,29.0,13.0,6.5,201.0,440.0,2021.0,16.0,4.6,104.0,95.0,817.0,38.0,39.1,9.9,-73.31,2018
Cincinnati Bengals,455.0,6618.0,1084.0,6.1,18.0,6.0,372.0,389.0,584.0,4414.0,32.0,12.0,7.1,221.0,466.0,2204.0,17.0,4.7,125.0,113.0,944.0,26.0,46.3,10.2,-164.84,2018
Tampa Bay Buccaneers,464.0,6134.0,998.0,6.1,17.0,8.0,356.0,387.0,534.0,4151.0,34.0,9.0,7.3,209.0,426.0,1983.0,19.0,4.7,122.0,127.0,1156.0,25.0,40.7,8.2,-152.18,2018
Oakland Raiders,467.0,6102.0,973.0,6.3,17.0,3.0,317.0,299.0,480.0,3853.0,36.0,14.0,7.8,178.0,480.0,2249.0,16.0,4.7,108.0,117.0,991.0,31.0,44.3,9.8,-172.07,2018
Avg Team,373.5,5635.6,1007.0,5.6,21.8,8.7,326.9,358.2,552.2,3804.3,26.5,13.1,6.4,196.1,414.8,1831.3,13.7,4.4,100.2,107.7,919.5,30.6,36.5,11.8,-68.5,2018
League Total,11952.0,180338.0,32224.0,5.6,696.0,277.0,10462.0,11462.0,17671.0,121737.0,847.0,419.0,6.4,6276.0,13272.0,58601.0,439.0,4.4,3206.0,3445.0,29423.0,980.0,36.5,11.8,,2018
Avg Tm/G,23.3,352.2,62.9,5.6,1.4,0.5,20.4,22.4,34.5,237.8,1.7,0.8,6.4,12.3,25.9,114.5,0.9,4.4,6.3,6.7,57.5,1.9,36.5,11.8,,2018
New England Patriots,225.0,4414.0,948.0,4.7,36.0,11.0,261.0,303.0,536.0,2886.0,13.0,25.0,5.0,150.0,365.0,1528.0,7.0,4.2,72.0,107.0,920.0,39.0,19.1,17.0,166.75,2019
Buffalo Bills,259.0,4772.0,985.0,4.8,23.0,9.0,295.0,348.0,553.0,3123.0,15.0,14.0,5.2,169.0,388.0,1649.0,12.0,4.3,93.0,94.0,815.0,33.0,23.6,12.1,48.85,2019
Baltimore Ravens,282.0,4809.0,921.0,5.2,25.0,12.0,276.0,318.0,544.0,3315.0,15.0,13.0,5.7,163.0,340.0,1494.0,12.0,4.4,74.0,97.0,795.0,39.0,32.5,14.5,21.61,2019
Chicago Bears,298.0,5186.0,1017.0,5.1,19.0,9.0,306.0,362.0,571.0,3554.0,17.0,10.0,5.9,190.0,414.0,1632.0,16.0,3.9,86.0,113.0,923.0,30.0,30.9,10.5,0.85,2019
Minnesota Vikings,303.0,5465.0,1053.0,5.2,31.0,14.0,324.0,394.0,601.0,3737.0,23.0,17.0,5.8,215.0,404.0,1728.0,8.0,4.3,78.0,83.0,713.0,31.0,34.7,17.3,-3.88,2019
Pittsburgh Steelers,303.0,4866.0,1030.0,4.7,38.0,18.0,304.0,314.0,514.0,3113.0,23.0,20.0,5.5,164.0,462.0,1753.0,7.0,3.8,110.0,115.0,1118.0,30.0,29.4,19.8,86.78,2019
Kansas City Chiefs,308.0,5594.0,1043.0,5.4,23.0,7.0,344.0,352.0,582.0,3543.0,21.0,16.0,5.7,190.0,416.0,2051.0,14.0,4.9,115.0,116.0,844.0,39.0,34.1,13.4,-56.69,2019
San Francisco 49ers,310.0,4509.0,968.0,4.7,27.0,15.0,285.0,318.0,519.0,2707.0,23.0,12.0,4.8,150.0,401.0,1802.0,11.0,4.5,105.0,116.0,957.0,30.0,28.8,14.1,84.41,2019
Green Bay Packers,313.0,5642.0,998.0,5.7,25.0,8.0,310.0,326.0,546.0,3721.0,19.0,17.0,6.3,191.0,411.0,1921.0,15.0,4.7,99.0,97.0,968.0,20.0,34.3,14.0,-59.65,2019
Denver Broncos,316.0,5392.0,1003.0,5.4,17.0,7.0,305.0,348.0,537.0,3609.0,19.0,10.0,6.3,175.0,426.0,1783.0,9.0,4.2,96.0,121.0,1041.0,34.0,36.3,8.8,-31.98,2019
Dallas Cowboys,321.0,5232.0,1015.0,5.2,17.0,10.0,327.0,370.0,569.0,3576.0,21.0,7.0,5.9,188.0,407.0,1656.0,14.0,4.1,101.0,102.0,855.0,38.0,35.3,9.8,-31.81,2019
Tennessee Titans,331.0,5752.0,1056.0,5.4,23.0,9.0,335.0,386.0,598.0,4080.0,25.0,14.0,6.4,213.0,415.0,1672.0,14.0,4.0,95.0,125.0,1025.0,27.0,31.7,11.6,-49.2,2019
New Orleans Saints,341.0,5329.0,999.0,5.3,23.0,10.0,311.0,371.0,603.0,3868.0,27.0,13.0,5.9,197.0,345.0,1461.0,12.0,4.2,71.0,92.0,713.0,43.0,35.1,12.6,-38.89,2019
Los Angeles Chargers,345.0,5009.0,923.0,5.4,14.0,3.0,285.0,328.0,464.0,3204.0,21.0,11.0,6.5,156.0,429.0,1805.0,15.0,4.2,101.0,108.0,959.0,28.0,36.6,8.7,-84.11,2019
Philadelphia Eagles,354.0,5307.0,967.0,5.5,20.0,9.0,289.0,348.0,571.0,3865.0,27.0,11.0,6.3,185.0,353.0,1442.0,13.0,4.1,76.0,115.0,959.0,28.0,33.5,10.1,-24.57,2019
New York Jets,359.0,5170.0,1037.0,5.0,21.0,9.0,302.0,363.0,585.0,3779.0,25.0,12.0,6.1,187.0,417.0,1391.0,12.0,3.3,75.0,107.0,902.0,40.0,33.7,9.8,6.94,2019
Los Angeles Rams,364.0,5434.0,1056.0,5.1,24.0,11.0,324.0,348.0,562.0,3625.0,23.0,13.0,5.9,194.0,444.0,1809.0,15.0,4.1,100.0,105.0,829.0,30.0,33.5,12.4,-10.53,2019
Indianapolis Colts,373.0,5549.0,986.0,5.6,23.0,8.0,323.0,394.0,562.0,3982.0,29.0,15.0,6.6,207.0,383.0,1567.0,8.0,4.1,93.0,111.0,1040.0,23.0,38.8,12.9,-56.37,2019
Houston Texans,385.0,6213.0,1020.0,6.1,22.0,10.0,346.0,375.0,586.0,4276.0,33.0,12.0,6.9,220.0,403.0,1937.0,12.0,4.8,98.0,109.0,859.0,28.0,38.8,12.9,-155.87,2019
Cleveland Browns,393.0,5785.0,1014.0,5.7,20.0,6.0,345.0,318.0,513.0,3470.0,25.0,14.0,6.3,184.0,463.0,2315.0,19.0,5.0,124.0,107.0,836.0,37.0,36.8,11.0,-88.15,2019
Jacksonville Jaguars,397.0,6007.0,999.0,6.0,19.0,9.0,340.0,327.0,517.0,3778.0,22.0,10.0,6.7,193.0,435.0,2229.0,23.0,5.1,114.0,102.0,883.0,33.0,37.2,9.4,-118.09,2019
Seattle Seahawks,398.0,6106.0,1014.0,6.0,32.0,16.0,346.0,383.0,598.0,4223.0,19.0,16.0,6.7,224.0,388.0,1883.0,22.0,4.9,97.0,96.0,798.0,25.0,36.9,16.2,-83.02,2019
Atlanta Falcons,399.0,5693.0,985.0,5.8,20.0,8.0,330.0,351.0,536.0,3918.0,28.0,12.0,6.9,192.0,421.0,1775.0,13.0,4.2,108.0,127.0,1080.0,30.0,42.5,9.0,-98.34,2019
Oakland Raiders,419.0,5677.0,963.0,5.9,15.0,6.0,344.0,337.0,526.0,4107.0,33.0,9.0,7.4,201.0,405.0,1570.0,15.0,3.9,91.0,91.0,763.0,52.0,41.0,8.4,-159.71,2019
Cincinnati Bengals,420.0,6299.0,1034.0,6.1,16.0,5.0,328.0,308.0,499.0,3917.0,25.0,11.0,7.4,183.0,504.0,2382.0,17.0,4.7,124.0,122.0,988.0,21.0,39.3,8.7,-130.66,2019
Detroit Lions,423.0,6406.0,1094.0,5.9,18.0,11.0,365.0,381.0,611.0,4551.0,33.0,7.0,7.1,232.0,455.0,1855.0,13.0,4.1,94.0,117.0,960.0,39.0,40.3,8.8,-137.55,2019
Washington Redskins,435.0,6162.0,1079.0,5.7,22.0,9.0,354.0,371.0,540.0,3823.0,35.0,13.0,6.5,200.0,493.0,2339.0,14.0,4.7,120.0,94.0,805.0,34.0,42.0,11.9,-132.83,2019
Arizona Cardinals,442.0,6432.0,1080.0,6.0,17.0,10.0,375.0,421.0,601.0,4510.0,38.0,7.0,7.0,243.0,439.0,1922.0,9.0,4.4,94.0,114.0,1041.0,38.0,43.0,9.3,-173.55,2019
Tampa Bay Buccaneers,449.0,5503.0,1073.0,5.1,28.0,16.0,331.0,408.0,664.0,4322.0,30.0,12.0,6.1,222.0,362.0,1181.0,11.0,3.3,70.0,111.0,971.0,39.0,39.4,13.6,20.23,2019
New York Giants,451.0,6037.0,1061.0,5.7,16.0,6.0,343.0,369.0,556.0,4225.0,30.0,10.0,7.1,211.0,469.0,1812.0,19.0,3.9,100.0,117.0,922.0,32.0,39.8,8.6,-104.11,2019
Carolina Panthers,470.0,5992.0,1042.0,5.8,21.0,7.0,355.0,347.0,544.0,3696.0,21.0,14.0,6.2,197.0,445.0,2296.0,31.0,5.2,128.0,109.0,940.0,30.0,40.1,10.2,-109.88,2019
Miami Dolphins,494.0,6364.0,1053.0,6.0,16.0,3.0,361.0,344.0,545.0,4198.0,39.0,13.0,7.4,214.0,485.0,2166.0,15.0,4.5,113.0,111.0,1084.0,34.0,45.9,8.6,-170.02,2019
Avg Team,365.0,5565.8,1016.1,5.5,22.2,9.4,324.0,354.1,557.9,3759.4,24.9,12.8,6.3,193.8,418.3,1806.4,14.0,4.3,97.3,107.8,915.8,32.9,35.7,11.8,-52.3,2019
League Total,11680.0,178107.0,32516.0,5.5,711.0,301.0,10369.0,11331.0,17853.0,120301.0,797.0,410.0,6.3,6200.0,13387.0,57806.0,447.0,4.3,3115.0,3451.0,29306.0,1054.0,35.7,11.8,,2019
Avg Tm/G,22.8,347.9,63.5,5.5,1.4,0.6,20.3,22.1,34.9,235.0,1.6,0.8,6.3,12.1,26.1,112.9,0.9,4.3,6.1,6.7,57.2,2.1,35.7,11.8,,2019
Los Angeles Rams,296.0,4511.0,989.0,4.6,22.0,8.0,280.0,347.0,548.0,3051.0,17.0,14.0,5.1,170.0,388.0,1460.0,12.0,3.8,91.0,78.0,582.0,19.0,27.9,12.0,85.89,2020
Baltimore Ravens,303.0,5276.0,1017.0,5.2,22.0,12.0,347.0,380.0,596.0,3536.0,22.0,10.0,5.6,213.0,382.0,1740.0,12.0,4.6,96.0,77.0,646.0,38.0,30.0,12.4,-17.69,2020
Pittsburgh Steelers,312.0,4893.0,996.0,4.9,27.0,9.0,281.0,298.0,526.0,3110.0,22.0,18.0,5.3,163.0,414.0,1783.0,13.0,4.3,94.0,103.0,980.0,24.0,29.3,13.8,33.24,2020
Washington Football Team,329.0,4873.0,1004.0,4.9,23.0,7.0,289.0,330.0,529.0,3068.0,21.0,16.0,5.3,161.0,428.0,1805.0,14.0,4.2,100.0,85.0,708.0,28.0,31.4,12.2,32.51,2020
New Orleans Saints,337.0,4974.0,992.0,5.0,26.0,8.0,320.0,333.0,557.0,3472.0,28.0,18.0,5.8,185.0,390.0,1502.0,11.0,3.9,85.0,64.0,517.0,50.0,34.7,13.1,-40.02,2020
Miami Dolphins,338.0,5886.0,998.0,5.9,29.0,11.0,336.0,343.0,545.0,4024.0,21.0,18.0,6.9,193.0,412.0,1862.0,17.0,4.5,113.0,85.0,805.0,30.0,30.7,15.6,-36.43,2020
New England Patriots,353.0,5660.0,982.0,5.8,22.0,4.0,339.0,333.0,494.0,3557.0,22.0,18.0,6.9,187.0,464.0,2103.0,17.0,4.5,131.0,82.0,639.0,21.0,38.9,14.0,-113.1,2020
Tampa Bay Buccaneers,355.0,5234.0,1023.0,5.1,25.0,10.0,319.0,426.0,617.0,3945.0,29.0,15.0,5.9,215.0,358.0,1289.0,10.0,3.6,78.0,95.0,1015.0,26.0,33.7,14.0,-22.04,2020
New York Giants,357.0,5589.0,1046.0,5.3,22.0,11.0,353.0,388.0,574.0,3807.0,22.0,11.0,6.2,215.0,432.0,1782.0,14.0,4.1,115.0,88.0,681.0,23.0,41.5,12.2,-66.94,2020
Indianapolis Colts,362.0,5314.0,992.0,5.4,25.0,10.0,329.0,369.0,562.0,3866.0,24.0,15.0,6.4,203.0,390.0,1448.0,16.0,3.7,94.0,86.0,755.0,32.0,35.1,14.3,-75.62,2020
Kansas City Chiefs,362.0,5733.0,1022.0,5.6,22.0,6.0,353.0,349.0,557.0,3779.0,29.0,16.0,6.4,202.0,433.0,1954.0,14.0,4.5,113.0,97.0,760.0,38.0,36.1,13.0,-127.89,2020
Arizona Cardinals,367.0,5631.0,1054.0,5.3,21.0,10.0,363.0,365.0,570.0,3623.0,26.0,11.0,5.9,207.0,436.0,2008.0,13.0,4.6,118.0,104.0,841.0,38.0,37.2,10.5,-82.04,2020
Green Bay Packers,369.0,5344.0,974.0,5.5,18.0,7.0,332.0,346.0,536.0,3539.0,23.0,11.0,6.1,184.0,397.0,1805.0,16.0,4.5,119.0,79.0,734.0,29.0,39.9,11.4,-109.67,2020
Chicago Bears,370.0,5519.0,1020.0,5.4,18.0,8.0,331.0,350.0,547.0,3705.0,28.0,10.0,6.4,190.0,438.0,1814.0,11.0,4.1,104.0,95.0,861.0,37.0,38.0,8.9,-90.3,2020
Seattle Seahawks,371.0,6089.0,1112.0,5.5,22.0,8.0,376.0,450.0,674.0,4560.0,23.0,14.0,6.3,253.0,392.0,1529.0,18.0,3.9,97.0,94.0,803.0,26.0,40.0,12.0,-85.81,2020
Buffalo Bills,375.0,5640.0,1025.0,5.5,26.0,11.0,351.0,369.0,573.0,3726.0,23.0,15.0,6.1,199.0,414.0,1914.0,21.0,4.6,125.0,86.0,728.0,27.0,39.4,15.3,-123.1,2020
San Francisco 49ers,390.0,5030.0,997.0,5.0,20.0,8.0,311.0,341.0,537.0,3327.0,25.0,12.0,5.9,176.0,430.0,1703.0,12.0,4.0,102.0,79.0,709.0,33.0,38.3,10.4,-16.82,2020
Carolina Panthers,402.0,5761.0,1022.0,5.6,22.0,15.0,360.0,398.0,585.0,3825.0,28.0,7.0,6.2,211.0,408.0,1936.0,17.0,4.7,114.0,85.0,713.0,35.0,46.0,12.4,-125.54,2020
Atlanta Falcons,414.0,6374.0,1034.0,6.2,21.0,9.0,367.0,425.0,625.0,4697.0,34.0,12.0,7.2,239.0,380.0,1677.0,15.0,4.4,97.0,91.0,800.0,31.0,42.0,12.1,-148.58,2020
Philadelphia Eagles,418.0,5810.0,1060.0,5.5,19.0,11.0,340.0,364.0,530.0,3798.0,27.0,8.0,6.6,209.0,481.0,2012.0,20.0,4.2,98.0,112.0,1036.0,33.0,37.8,9.2,-71.06,2020
Cleveland Browns,419.0,5735.0,1035.0,5.5,21.0,10.0,352.0,371.0,585.0,3962.0,31.0,11.0,6.4,214.0,412.0,1773.0,16.0,4.3,116.0,84.0,690.0,22.0,43.0,12.7,-150.42,2020
Cincinnati Bengals,424.0,6227.0,1021.0,6.1,17.0,6.0,343.0,340.0,541.0,3859.0,32.0,11.0,6.9,192.0,463.0,2368.0,13.0,5.1,126.0,99.0,795.0,25.0,43.3,9.4,-142.2,2020
Los Angeles Chargers,426.0,5495.0,997.0,5.5,19.0,7.0,324.0,340.0,543.0,3578.0,29.0,12.0,6.3,186.0,427.0,1917.0,17.0,4.5,112.0,94.0,869.0,26.0,43.5,10.0,-89.82,2020
Tennessee Titans,439.0,6372.0,1076.0,5.9,23.0,8.0,391.0,423.0,630.0,4439.0,36.0,15.0,6.8,247.0,427.0,1933.0,18.0,4.5,113.0,103.0,840.0,31.0,45.2,13.3,-185.2,2020
Denver Broncos,446.0,5887.0,1043.0,5.6,16.0,6.0,333.0,374.0,567.0,3807.0,21.0,10.0,6.3,201.0,434.0,2080.0,22.0,4.8,106.0,106.0,952.0,26.0,44.6,8.2,-92.82,2020
New York Jets,457.0,6201.0,1081.0,5.7,19.0,9.0,381.0,418.0,605.0,4409.0,34.0,10.0,6.9,235.0,445.0,1792.0,16.0,4.0,100.0,99.0,899.0,46.0,44.6,10.7,-169.15,2020
Houston Texans,464.0,6668.0,1068.0,6.2,9.0,6.0,390.0,377.0,541.0,4104.0,30.0,3.0,7.1,222.0,493.0,2564.0,24.0,5.2,145.0,76.0,678.0,23.0,47.0,5.4,-242.84,2020
Dallas Cowboys,473.0,6183.0,1054.0,5.9,23.0,13.0,359.0,328.0,513.0,3642.0,34.0,10.0,6.7,180.0,510.0,2541.0,20.0,5.0,142.0,91.0,733.0,37.0,43.1,12.2,-141.7,2020
Minnesota Vikings,475.0,6292.0,1036.0,6.1,22.0,7.0,366.0,358.0,541.0,4141.0,30.0,15.0,7.3,208.0,472.0,2151.0,19.0,4.6,136.0,83.0,723.0,22.0,50.0,10.7,-180.29,2020
Las Vegas Raiders,478.0,6225.0,1039.0,6.0,15.0,5.0,381.0,370.0,580.0,4212.0,28.0,10.0,7.0,223.0,438.0,2013.0,24.0,4.6,114.0,95.0,915.0,44.0,50.3,8.4,-211.22,2020
Jacksonville Jaguars,492.0,6683.0,1068.0,6.3,17.0,5.0,394.0,370.0,533.0,4231.0,34.0,12.0,7.7,210.0,517.0,2452.0,23.0,4.7,140.0,78.0,710.0,44.0,47.8,9.2,-228.53,2020
Detroit Lions,519.0,6716.0,1068.0,6.3,12.0,5.0,415.0,383.0,557.0,4558.0,38.0,7.0,7.8,253.0,487.0,2158.0,27.0,4.4,127.0,103.0,797.0,35.0,47.9,7.1,-283.04,2020
Avg Team,396.6,5744.5,1029.5,5.6,20.8,8.4,347.1,367.4,563.1,3842.4,27.2,12.3,6.4,204.6,431.0,1902.1,16.6,4.4,111.3,89.9,778.6,31.2,39.8,11.4,-103.7,2020
League Total,12692.0,183825.0,32945.0,5.6,665.0,270.0,11106.0,11756.0,18018.0,122957.0,871.0,395.0,6.4,6546.0,13792.0,60868.0,532.0,4.4,3561.0,2876.0,24914.0,999.0,39.8,11.4,,2020
Avg Tm/G,24.8,359.0,64.3,5.6,1.3,0.5,21.7,23.0,35.2,240.2,1.7,0.8,6.4,12.8,26.9,118.9,1.0,4.4,7.0,5.6,48.7,2.0,39.8,11.4,,2020
Buffalo Bills,289.0,4637.0,1014.0,4.6,30.0,11.0,285.0,297.0,530.0,2771.0,12.0,19.0,4.8,138.0,442.0,1866.0,19.0,4.2,108.0,102.0,844.0,39.0,28.0,14.5,36.13,2021
New England Patriots,303.0,5284.0,1038.0,5.1,30.0,7.0,308.0,319.0,538.0,3181.0,21.0,23.0,5.5,176.0,464.0,2103.0,9.0,4.5,111.0,100.0,831.0,21.0,29.4,16.9,-4.84,2021
Denver Broncos,322.0,5544.0,1039.0,5.3,19.0,6.0,312.0,341.0,562.0,3652.0,22.0,13.0,6.1,192.0,441.0,1892.0,9.0,4.3,99.0,104.0,922.0,21.0,32.7,10.7,-36.14,2021
New Orleans Saints,335.0,5410.0,1064.0,5.1,25.0,7.0,304.0,369.0,592.0,3821.0,20.0,18.0,6.0,185.0,426.0,1589.0,12.0,3.7,84.0,89.0,761.0,35.0,32.3,12.8,43.03,2021
Tampa Bay Buccaneers,353.0,5635.0,1093.0,5.2,29.0,12.0,344.0,445.0,680.0,4062.0,26.0,17.0,5.6,214.0,366.0,1573.0,11.0,4.3,94.0,79.0,635.0,36.0,33.5,14.7,-0.6,2021
Tennessee Titans,354.0,5607.0,1039.0,5.4,22.0,6.0,331.0,395.0,628.0,4169.0,24.0,16.0,6.2,204.0,368.0,1438.0,14.0,3.9,90.0,118.0,1070.0,37.0,37.1,10.8,-30.56,2021
Dallas Cowboys,358.0,5967.0,1082.0,5.5,34.0,8.0,327.0,364.0,612.0,4049.0,24.0,26.0,6.2,191.0,429.0,1918.0,13.0,4.5,99.0,121.0,973.0,37.0,32.5,16.7,21.81,2021
Kansas City Chiefs,364.0,6272.0,1060.0,5.9,29.0,14.0,363.0,401.0,610.0,4273.0,27.0,15.0,6.7,209.0,419.0,1999.0,15.0,4.8,121.0,116.0,911.0,33.0,37.3,16.0,-131.68,2021
San Francisco 49ers,365.0,5270.0,1032.0,5.1,20.0,11.0,318.0,372.0,545.0,3510.0,25.0,9.0,5.9,180.0,439.0,1760.0,17.0,4.0,97.0,94.0,793.0,41.0,34.4,9.3,-50.49,2021
Indianapolis Colts,365.0,5834.0,1050.0,5.6,33.0,14.0,334.0,390.0,597.0,3980.0,32.0,19.0,6.3,213.0,420.0,1854.0,10.0,4.4,101.0,109.0,978.0,20.0,35.4,17.1,-49.31,2021
Arizona Cardinals,366.0,5597.0,1028.0,5.4,27.0,14.0,336.0,367.0,561.0,3645.0,30.0,13.0,6.1,192.0,426.0,1952.0,10.0,4.6,109.0,100.0,896.0,35.0,35.6,15.3,-19.46,2021
Seattle Seahawks,366.0,6445.0,1201.0,5.4,18.0,7.0,400.0,443.0,658.0,4513.0,24.0,11.0,6.5,240.0,509.0,1932.0,16.0,3.8,124.0,96.0,919.0,36.0,35.4,8.5,-97.48,2021
Green Bay Packers,371.0,5579.0,1037.0,5.4,26.0,8.0,337.0,379.0,603.0,3724.0,31.0,18.0,5.8,194.0,395.0,1855.0,13.0,4.7,120.0,88.0,718.0,23.0,36.6,14.0,-55.57,2021
Cleveland Browns,371.0,5296.0,1056.0,5.0,19.0,6.0,327.0,367.0,576.0,3439.0,29.0,13.0,5.6,184.0,437.0,1857.0,13.0,4.2,108.0,98.0,882.0,35.0,37.4,9.9,-54.54,2021
Los Angeles Rams,372.0,5863.0,1118.0,5.2,25.0,6.0,347.0,416.0,625.0,4109.0,17.0,19.0,6.1,214.0,443.0,1754.0,18.0,4.0,111.0,88.0,688.0,22.0,35.9,13.3,-17.07,2021
Miami Dolphins,373.0,5738.0,1081.0,5.3,26.0,12.0,337.0,373.0,608.0,3871.0,23.0,14.0,5.9,199.0,425.0,1867.0,16.0,4.4,106.0,109.0,991.0,32.0,36.3,13.0,-16.12,2021
Cincinnati Bengals,376.0,5964.0,1075.0,5.5,21.0,8.0,339.0,420.0,626.0,4222.0,26.0,13.0,6.3,213.0,407.0,1742.0,15.0,4.3,107.0,116.0,946.0,19.0,33.9,11.1,-45.38,2021
Philadelphia Eagles,385.0,5590.0,1076.0,5.2,16.0,4.0,358.0,409.0,589.0,3756.0,28.0,12.0,6.1,208.0,458.0,1834.0,18.0,4.0,115.0,92.0,824.0,35.0,37.2,8.9,-73.93,2021
Baltimore Ravens,392.0,6178.0,1033.0,6.0,15.0,6.0,340.0,397.0,621.0,4742.0,31.0,9.0,7.2,232.0,378.0,1436.0,13.0,3.8,81.0,98.0,882.0,27.0,34.2,7.9,-107.49,2021
Pittsburgh Steelers,398.0,6139.0,1116.0,5.5,22.0,9.0,354.0,355.0,563.0,3656.0,24.0,13.0,5.9,186.0,498.0,2483.0,17.0,5.0,144.0,123.0,1017.0,24.0,38.7,10.8,-55.8,2021
Carolina Panthers,404.0,5201.0,1028.0,5.1,16.0,7.0,311.0,337.0,515.0,3266.0,26.0,9.0,5.9,170.0,474.0,1935.0,16.0,4.1,112.0,108.0,896.0,29.0,37.6,8.1,-9.14,2021
Chicago Bears,407.0,5384.0,1009.0,5.3,16.0,8.0,321.0,314.0,477.0,3257.0,31.0,8.0,6.2,170.0,483.0,2127.0,14.0,4.4,116.0,93.0,856.0,35.0,40.4,8.4,-77.49,2021
New York Giants,416.0,6032.0,1137.0,5.3,22.0,7.0,365.0,402.0,611.0,3839.0,27.0,15.0,6.0,216.0,492.0,2193.0,15.0,4.5,126.0,107.0,814.0,23.0,41.3,12.0,-76.83,2021
Minnesota Vikings,426.0,6522.0,1152.0,5.7,24.0,8.0,391.0,401.0,626.0,4300.0,29.0,16.0,6.4,224.0,475.0,2222.0,15.0,4.7,131.0,93.0,786.0,36.0,40.2,11.9,-86.3,2021
Washington Football Team,434.0,6108.0,1065.0,5.7,19.0,8.0,346.0,400.0,597.0,4333.0,34.0,11.0,6.8,220.0,430.0,1775.0,14.0,4.1,101.0,96.0,803.0,25.0,42.4,10.7,-125.4,2021
Las Vegas Raiders,439.0,5732.0,1103.0,5.2,15.0,9.0,349.0,400.0,606.0,3789.0,29.0,6.0,5.9,202.0,462.0,1943.0,18.0,4.2,109.0,99.0,1021.0,38.0,41.6,7.3,-138.31,2021
Houston Texans,452.0,6535.0,1101.0,5.9,25.0,8.0,382.0,363.0,546.0,4117.0,27.0,17.0,7.1,218.0,523.0,2418.0,25.0,4.6,135.0,89.0,790.0,29.0,42.9,12.2,-143.17,2021
Jacksonville Jaguars,457.0,6002.0,1068.0,5.6,9.0,2.0,351.0,377.0,543.0,3875.0,24.0,7.0,6.7,198.0,493.0,2127.0,22.0,4.3,124.0,104.0,879.0,29.0,45.3,5.2,-154.57,2021
Atlanta Falcons,459.0,6194.0,1114.0,5.6,20.0,8.0,383.0,391.0,577.0,3952.0,31.0,12.0,6.6,214.0,519.0,2242.0,19.0,4.3,143.0,118.0,956.0,26.0,44.7,11.2,-136.74,2021
Los Angeles Chargers,459.0,6122.0,1103.0,5.6,21.0,10.0,383.0,357.0,559.0,3761.0,27.0,11.0,6.3,199.0,509.0,2361.0,22.0,4.6,144.0,99.0,835.0,40.0,45.3,11.2,-122.86,2021
Detroit Lions,467.0,6456.0,1092.0,5.9,19.0,8.0,372.0,359.0,544.0,4160.0,31.0,11.0,7.2,211.0,518.0,2296.0,19.0,4.4,135.0,87.0,818.0,26.0,47.8,10.6,-176.03,2021
New York Jets,504.0,6760.0,1145.0,5.9,14.0,7.0,401.0,401.0,587.0,4409.0,28.0,7.0,7.1,234.0,525.0,2351.0,28.0,4.5,129.0,84.0,814.0,38.0,48.9,7.4,-193.85,2021
Avg Team,390.7,5840.5,1076.5,5.4,22.1,8.3,345.5,378.8,584.8,3881.3,26.3,13.8,6.2,201.3,452.9,1959.2,15.8,4.3,113.6,100.5,867.2,30.7,37.8,11.5,-68.3,2021
League Total,12502.0,186897.0,34449.0,5.4,706.0,266.0,11056.0,12121.0,18712.0,124203.0,840.0,440.0,6.2,6440.0,14493.0,62694.0,505.0,4.3,3634.0,3217.0,27749.0,982.0,37.8,11.5,,2021
Avg Tm/G,23.0,343.6,63.3,5.4,1.3,0.5,20.3,22.3,34.4,228.3,1.5,0.8,6.2,11.8,26.6,115.2,0.9,4.3,6.7,5.9,51.0,1.8,37.8,11.5,,2021
San Francisco 49ers,277.0,5110.0,1026.0,5.0,30.0,10.0,291.0,389.0,593.0,3789.0,20.0,20.0,5.9,188.0,389.0,1321.0,11.0,3.4,77.0,96.0,832.0,26.0,25.7,15.3,56.26,2022
Buffalo Bills,286.0,5106.0,997.0,5.1,27.0,10.0,313.0,362.0,570.0,3433.0,21.0,17.0,5.6,181.0,387.0,1673.0,10.0,4.3,103.0,89.0,754.0,29.0,31.0,14.3,4.46,2022
Baltimore Ravens,315.0,5513.0,1047.0,5.3,25.0,11.0,323.0,394.0,593.0,3947.0,20.0,14.0,6.2,206.0,406.0,1566.0,11.0,3.9,91.0,79.0,650.0,26.0,35.8,13.9,-32.38,2022
New York Jets,316.0,5288.0,1093.0,4.8,16.0,4.0,310.0,347.0,556.0,3220.0,15.0,12.0,5.4,166.0,492.0,2068.0,14.0,4.2,117.0,90.0,707.0,27.0,32.3,8.3,25.96,2022
Cincinnati Bengals,322.0,5371.0,996.0,5.4,24.0,11.0,295.0,329.0,559.0,3665.0,17.0,13.0,6.2,173.0,407.0,1706.0,12.0,4.2,102.0,100.0,832.0,20.0,36.4,13.1,-20.02,2022
Dallas Cowboys,342.0,5613.0,1101.0,5.1,33.0,17.0,327.0,345.0,550.0,3415.0,23.0,16.0,5.7,174.0,497.0,2198.0,9.0,4.4,119.0,98.0,851.0,34.0,33.5,16.2,31.77,2022
Washington Commanders,343.0,5178.0,998.0,5.2,18.0,9.0,286.0,308.0,514.0,3252.0,26.0,9.0,5.8,155.0,441.0,1926.0,10.0,4.4,102.0,85.0,707.0,29.0,31.5,7.6,7.28,2022
Philadelphia Eagles,344.0,5125.0,1072.0,4.8,27.0,10.0,325.0,350.0,556.0,3057.0,22.0,17.0,4.9,186.0,446.0,2068.0,15.0,4.6,115.0,95.0,798.0,24.0,32.4,15.1,20.73,2022
New Orleans Saints,345.0,5352.0,1076.0,5.0,14.0,7.0,319.0,322.0,536.0,3134.0,17.0,7.0,5.4,159.0,492.0,2218.0,14.0,4.5,122.0,92.0,798.0,38.0,34.8,7.1,-30.6,2022
Pittsburgh Steelers,346.0,5617.0,1024.0,5.5,23.0,3.0,314.0,332.0,542.0,3779.0,29.0,20.0,6.5,196.0,442.0,1838.0,7.0,4.2,95.0,96.0,717.0,23.0,37.3,13.0,-47.1,2022
New England Patriots,347.0,5474.0,1091.0,5.0,30.0,11.0,314.0,364.0,596.0,3681.0,28.0,19.0,5.7,194.0,441.0,1793.0,7.0,4.1,90.0,89.0,699.0,30.0,30.5,14.2,55.35,2022
Jacksonville Jaguars,350.0,6006.0,1106.0,5.4,27.0,13.0,350.0,385.0,601.0,4055.0,25.0,14.0,6.4,211.0,470.0,1951.0,14.0,4.2,114.0,90.0,683.0,25.0,36.1,14.4,-52.27,2022
Tampa Bay Buccaneers,358.0,5513.0,1073.0,5.1,20.0,10.0,314.0,364.0,570.0,3461.0,29.0,10.0,5.6,186.0,458.0,2052.0,12.0,4.5,103.0,97.0,863.0,25.0,33.0,10.2,-36.51,2022
Denver Broncos,359.0,5440.0,1079.0,5.0,23.0,8.0,324.0,392.0,605.0,3574.0,20.0,15.0,5.6,180.0,438.0,1866.0,12.0,4.3,109.0,106.0,922.0,35.0,35.9,10.6,7.24,2022
Tennessee Titans,359.0,5978.0,1100.0,5.4,20.0,6.0,339.0,439.0,671.0,4671.0,29.0,14.0,6.6,215.0,390.0,1307.0,9.0,3.4,93.0,115.0,836.0,31.0,33.9,10.6,-52.12,2022
Kansas City Chiefs,369.0,5579.0,1093.0,5.1,20.0,9.0,337.0,408.0,619.0,3756.0,33.0,11.0,5.6,207.0,419.0,1823.0,10.0,4.4,102.0,98.0,734.0,28.0,35.9,10.3,-65.59,2022
Green Bay Packers,371.0,5721.0,991.0,5.8,24.0,7.0,321.0,314.0,478.0,3349.0,22.0,17.0,6.5,163.0,479.0,2372.0,18.0,5.0,129.0,100.0,916.0,29.0,38.2,13.9,-63.86,2022
New York Giants,371.0,6089.0,1078.0,5.6,19.0,13.0,370.0,349.0,568.0,3638.0,21.0,6.0,6.0,200.0,469.0,2451.0,16.0,5.2,134.0,111.0,819.0,36.0,39.8,8.8,-125.22,2022
Carolina Panthers,374.0,5953.0,1103.0,5.4,17.0,7.0,346.0,383.0,580.0,3868.0,25.0,10.0,6.3,194.0,488.0,2085.0,17.0,4.3,125.0,105.0,866.0,27.0,34.2,8.3,-52.04,2022
Cleveland Browns,381.0,5631.0,1041.0,5.4,20.0,9.0,329.0,315.0,519.0,3336.0,20.0,11.0,6.0,166.0,488.0,2295.0,22.0,4.7,129.0,88.0,714.0,34.0,38.5,10.2,-57.92,2022
Los Angeles Chargers,384.0,5884.0,1002.0,5.9,24.0,10.0,318.0,310.0,505.0,3406.0,24.0,14.0,6.2,175.0,457.0,2478.0,17.0,5.4,119.0,80.0,762.0,24.0,37.2,11.2,-84.56,2022
Los Angeles Rams,384.0,5798.0,1049.0,5.5,22.0,6.0,331.0,375.0,556.0,3842.0,23.0,16.0,6.5,203.0,455.0,1956.0,12.0,4.3,106.0,82.0,691.0,22.0,41.0,12.1,-75.59,2022
Atlanta Falcons,386.0,6156.0,1082.0,5.7,17.0,7.0,351.0,372.0,561.0,3942.0,26.0,10.0,6.8,200.0,500.0,2214.0,15.0,4.4,136.0,100.0,804.0,15.0,43.5,10.0,-123.5,2022
Miami Dolphins,399.0,5743.0,1086.0,5.3,14.0,6.0,336.0,416.0,624.0,3992.0,27.0,8.0,6.0,200.0,422.0,1751.0,15.0,4.1,98.0,84.0,799.0,38.0,37.5,7.6,-66.41,2022
Seattle Seahawks,401.0,6149.0,1117.0,5.5,25.0,11.0,347.0,343.0,547.0,3595.0,23.0,14.0,6.1,188.0,525.0,2554.0,21.0,4.9,130.0,98.0,818.0,29.0,37.2,12.2,-113.17,2022
Las Vegas Raiders,418.0,6216.0,1077.0,5.8,13.0,7.0,360.0,399.0,590.0,4129.0,25.0,6.0,6.7,206.0,460.0,2087.0,20.0,4.5,126.0,93.0,758.0,28.0,40.8,7.3,-132.08,2022
Houston Texans,420.0,6452.0,1134.0,5.7,27.0,11.0,372.0,336.0,522.0,3558.0,15.0,16.0,6.3,196.0,573.0,2894.0,25.0,5.1,150.0,95.0,773.0,26.0,35.2,11.9,-80.38,2022
Minnesota Vikings,427.0,6608.0,1118.0,5.9,25.0,10.0,359.0,408.0,617.0,4515.0,23.0,15.0,6.9,224.0,463.0,2093.0,18.0,4.5,113.0,111.0,926.0,22.0,41.1,12.0,-104.0,2022
Detroit Lions,427.0,6670.0,1076.0,6.2,22.0,10.0,377.0,353.0,560.0,4179.0,26.0,12.0,7.0,209.0,477.0,2491.0,22.0,5.2,135.0,103.0,818.0,33.0,41.2,11.9,-159.66,2022
Indianapolis Colts,427.0,5678.0,1092.0,5.2,21.0,11.0,344.0,365.0,537.0,3569.0,25.0,10.0,6.1,184.0,511.0,2109.0,20.0,4.1,127.0,89.0,725.0,33.0,36.0,10.2,-51.07,2022
Arizona Cardinals,449.0,5931.0,1075.0,5.5,20.0,9.0,363.0,414.0,593.0,3915.0,29.0,11.0,6.2,218.0,446.0,2016.0,21.0,4.5,124.0,94.0,757.0,21.0,41.6,10.5,-81.73,2022
Chicago Bears,463.0,6390.0,1043.0,6.1,23.0,9.0,361.0,323.0,481.0,3716.0,22.0,14.0,7.4,184.0,542.0,2674.0,31.0,4.9,151.0,84.0,647.0,26.0,41.8,11.9,-169.13,2022
Avg Team,370.6,5760.4,1066.8,5.4,22.2,9.1,333.3,362.7,564.7,3701.2,23.4,13.1,6.1,190.2,461.6,2059.2,15.2,4.5,115.2,94.8,780.5,27.9,36.2,11.3,-52.1,2022
League Total,11860.0,184332.0,34136.0,5.4,710.0,292.0,10666.0,11605.0,18069.0,118438.0,750.0,418.0,6.1,6087.0,14770.0,65894.0,487.0,4.5,3686.0,3032.0,24976.0,893.0,36.2,11.3,,2022
Avg Tm/G,21.9,340.1,63.0,5.4,1.3,0.5,19.7,21.4,33.3,218.5,1.4,0.8,6.1,11.2,27.3,121.6,0.9,4.5,6.8,5.6,46.1,1.6,36.2,11.3,,2022
Baltimore Ravens,280.0,5123.0,1109.0,4.6,31.0,13.0,306.0,384.0,634.0,3263.0,18.0,18.0,4.7,175.0,415.0,1860.0,6.0,4.5,96.0,106.0,841.0,35.0,28.7,14.4,113.76,2023
Kansas City Chiefs,294.0,4926.0,1045.0,4.7,17.0,9.0,300.0,340.0,556.0,3001.0,19.0,8.0,4.9,169.0,432.0,1925.0,10.0,4.5,107.0,73.0,604.0,24.0,28.5,9.5,35.54,2023
San Francisco 49ers,298.0,5167.0,1038.0,5.0,28.0,6.0,319.0,410.0,621.0,3642.0,20.0,22.0,5.4,190.0,369.0,1525.0,10.0,4.1,97.0,94.0,762.0,32.0,33.9,15.5,-7.76,2023
Buffalo Bills,311.0,5222.0,1015.0,5.1,30.0,12.0,313.0,363.0,552.0,3342.0,18.0,18.0,5.5,183.0,409.0,1880.0,14.0,4.6,96.0,99.0,753.0,34.0,32.0,16.0,5.71,2023
Dallas Cowboys,315.0,5095.0,1014.0,5.0,26.0,9.0,311.0,308.0,509.0,3185.0,21.0,17.0,5.7,166.0,459.0,1910.0,14.0,4.2,108.0,104.0,934.0,37.0,32.0,14.6,4.29,2023
Pittsburgh Steelers,324.0,5816.0,1074.0,5.4,27.0,11.0,311.0,348.0,573.0,3860.0,23.0,16.0,6.2,186.0,454.0,1956.0,9.0,4.3,95.0,90.0,741.0,30.0,33.7,14.2,-3.91,2023
Tampa Bay Buccaneers,325.0,5852.0,1081.0,5.4,26.0,13.0,337.0,404.0,611.0,4232.0,23.0,13.0,6.4,213.0,422.0,1620.0,11.0,3.8,101.0,93.0,762.0,23.0,34.4,14.2,-29.99,2023
New Orleans Saints,327.0,5562.0,1054.0,5.3,29.0,11.0,300.0,333.0,558.0,3524.0,22.0,18.0,6.0,167.0,462.0,2038.0,10.0,4.4,100.0,102.0,775.0,33.0,31.6,14.3,35.39,2023
Las Vegas Raiders,331.0,5625.0,1089.0,5.2,22.0,9.0,330.0,376.0,564.0,3610.0,21.0,13.0,5.9,187.0,479.0,2015.0,15.0,4.2,117.0,96.0,861.0,26.0,33.0,11.4,-22.59,2023
Green Bay Packers,350.0,5696.0,1061.0,5.4,18.0,11.0,340.0,342.0,523.0,3515.0,21.0,7.0,6.2,189.0,493.0,2181.0,15.0,4.4,120.0,95.0,907.0,31.0,38.7,9.8,-84.9,2023
Houston Texans,353.0,5622.0,1079.0,5.2,24.0,10.0,332.0,382.0,565.0,3979.0,17.0,14.0,6.5,185.0,468.0,1643.0,19.0,3.5,110.0,100.0,805.0,37.0,34.7,11.1,-35.92,2023
New York Jets,355.0,4969.0,1087.0,4.6,27.0,10.0,298.0,313.0,522.0,2861.0,19.0,17.0,5.0,150.0,517.0,2108.0,14.0,4.1,111.0,93.0,780.0,37.0,31.8,11.8,75.84,2023
Minnesota Vikings,362.0,5664.0,1095.0,5.2,22.0,11.0,328.0,426.0,606.0,3986.0,23.0,11.0,6.1,208.0,446.0,1678.0,14.0,3.8,104.0,111.0,916.0,16.0,37.1,11.3,-37.62,2023
Cleveland Browns,362.0,4593.0,1004.0,4.6,28.0,10.0,254.0,307.0,535.0,2800.0,23.0,18.0,4.8,136.0,420.0,1793.0,15.0,4.3,88.0,118.0,923.0,30.0,24.8,11.7,90.47,2023
New England Patriots,366.0,5127.0,1091.0,4.7,18.0,8.0,305.0,370.0,575.0,3543.0,19.0,10.0,5.8,181.0,480.0,1584.0,14.0,3.3,100.0,75.0,544.0,24.0,31.5,7.9,25.44,2023
Tennessee Titans,367.0,5697.0,1096.0,5.2,14.0,8.0,334.0,387.0,571.0,3866.0,20.0,6.0,6.3,189.0,480.0,1831.0,10.0,3.8,103.0,98.0,776.0,42.0,43.2,6.8,-69.25,2023
Jacksonville Jaguars,371.0,5828.0,1078.0,5.4,27.0,11.0,314.0,404.0,617.0,4076.0,27.0,16.0,6.2,198.0,421.0,1752.0,15.0,4.2,99.0,108.0,961.0,17.0,32.3,12.8,-8.04,2023
Atlanta Falcons,373.0,5458.0,1090.0,5.0,16.0,8.0,320.0,340.0,549.0,3449.0,24.0,8.0,5.8,183.0,499.0,2009.0,11.0,4.0,105.0,104.0,831.0,32.0,37.9,8.2,6.86,2023
Los Angeles Rams,377.0,5744.0,1078.0,5.3,15.0,5.0,329.0,367.0,604.0,3928.0,24.0,10.0,6.1,193.0,433.0,1816.0,14.0,4.2,108.0,105.0,986.0,28.0,36.8,8.1,-64.62,2023
Chicago Bears,379.0,5511.0,1035.0,5.3,28.0,6.0,307.0,410.0,617.0,4043.0,31.0,22.0,6.2,196.0,388.0,1468.0,8.0,3.8,88.0,72.0,530.0,23.0,34.2,14.7,-34.58,2023
Cincinnati Bengals,384.0,6368.0,1055.0,6.0,26.0,9.0,351.0,364.0,555.0,4223.0,23.0,17.0,7.1,201.0,456.0,2145.0,17.0,4.7,127.0,92.0,784.0,23.0,38.5,13.4,-92.17,2023
Miami Dolphins,391.0,5411.0,1057.0,5.1,27.0,12.0,321.0,380.0,568.0,3761.0,27.0,15.0,6.0,186.0,433.0,1650.0,15.0,3.8,109.0,96.0,719.0,26.0,32.1,13.9,-10.59,2023
Detroit Lions,395.0,5714.0,1037.0,5.5,23.0,7.0,339.0,371.0,588.0,4205.0,28.0,16.0,6.7,209.0,408.0,1509.0,15.0,3.7,91.0,91.0,788.0,39.0,37.3,12.4,-110.17,2023
Los Angeles Chargers,398.0,6170.0,1113.0,5.5,21.0,12.0,344.0,389.0,598.0,4246.0,26.0,9.0,6.6,203.0,467.0,1924.0,18.0,4.1,110.0,104.0,801.0,31.0,36.0,10.1,-92.65,2023
Seattle Seahawks,402.0,6313.0,1147.0,5.5,19.0,8.0,380.0,390.0,585.0,3961.0,21.0,11.0,6.3,202.0,515.0,2352.0,24.0,4.6,143.0,103.0,824.0,35.0,40.4,10.4,-122.46,2023
New York Giants,407.0,6149.0,1091.0,5.6,31.0,13.0,352.0,371.0,582.0,3898.0,21.0,18.0,6.3,191.0,475.0,2251.0,24.0,4.7,134.0,99.0,822.0,27.0,35.2,14.1,-37.29,2023
Denver Broncos,413.0,6303.0,1083.0,5.8,26.0,15.0,349.0,382.0,572.0,3972.0,29.0,11.0,6.5,201.0,469.0,2331.0,15.0,5.0,119.0,99.0,965.0,29.0,40.2,13.0,-91.09,2023
Indianapolis Colts,415.0,5947.0,1137.0,5.2,24.0,9.0,346.0,370.0,568.0,3842.0,21.0,15.0,6.2,192.0,518.0,2105.0,22.0,4.1,123.0,100.0,843.0,31.0,38.9,11.8,-38.18,2023
Carolina Panthers,416.0,4997.0,1016.0,4.9,11.0,3.0,311.0,309.0,481.0,2916.0,19.0,8.0,5.7,162.0,508.0,2081.0,25.0,4.1,122.0,89.0,679.0,27.0,37.7,5.5,-56.65,2023
Philadelphia Eagles,428.0,6054.0,1105.0,5.5,18.0,9.0,364.0,425.0,652.0,4296.0,35.0,9.0,6.2,222.0,410.0,1758.0,13.0,4.3,111.0,107.0,810.0,31.0,41.1,9.7,-121.62,2023
Arizona Cardinals,455.0,6047.0,1060.0,5.7,17.0,6.0,369.0,347.0,506.0,3613.0,32.0,11.0,6.7,198.0,521.0,2434.0,19.0,4.7,141.0,92.0,765.0,30.0,44.0,8.6,-160.5,2023
Washington Commanders,518.0,6612.0,1117.0,5.9,18.0,10.0,364.0,396.0,598.0,4457.0,39.0,8.0,7.0,218.0,480.0,2155.0,15.0,4.5,121.0,99.0,828.0,25.0,46.8,9.0,-148.31,2023
Avg Team,370.1,5636.9,1072.8,5.3,22.9,9.5,327.4,369.0,572.3,3721.7,23.6,13.4,6.0,188.4,456.4,1915.2,14.7,4.2,109.5,97.1,800.6,29.5,35.5,11.6,-34.0,2023
League Total,11842.0,180382.0,34331.0,5.3,734.0,304.0,10478.0,11808.0,18315.0,119095.0,754.0,430.0,6.0,6029.0,14606.0,61287.0,470.0,4.2,3504.0,3107.0,25620.0,945.0,35.5,11.6,,2023
Avg Tm/G,21.8,331.6,63.1,5.3,1.3,0.6,19.3,21.7,33.7,218.9,1.4,0.8,6.0,11.1,26.8,112.7,0.9,4.2,6.4,5.7,47.1,1.7,35.5,11.6,,2023
Los Angeles Chargers,301.0,5514.0,1037.0,5.3,21.0,6.0,311.0,367.0,565.0,3517.0,24.0,15.0,5.8,170.0,426.0,1997.0,7.0,4.7,108.0,101.0,869.0,33.0,32.6,11.6,-12.31,2024
Philadelphia Eagles,303.0,4732.0,999.0,4.7,26.0,13.0,293.0,337.0,542.0,2961.0,22.0,13.0,5.1,160.0,416.0,1771.0,9.0,4.3,108.0,85.0,694.0,25.0,31.6,14.1,76.38,2024
Denver Broncos,311.0,5391.0,1093.0,4.9,25.0,10.0,327.0,393.0,606.0,3752.0,22.0,15.0,5.6,203.0,424.0,1639.0,10.0,3.9,82.0,101.0,723.0,42.0,31.6,12.4,34.83,2024
Kansas City Chiefs,326.0,5451.0,1026.0,5.3,20.0,7.0,328.0,375.0,569.0,3720.0,24.0,13.0,6.1,191.0,418.0,1731.0,13.0,4.1,112.0,107.0,849.0,25.0,36.5,11.4,-74.11,2024
Minnesota Vikings,332.0,5702.0,1078.0,5.3,33.0,9.0,325.0,415.0,637.0,4114.0,24.0,24.0,6.0,218.0,392.0,1588.0,12.0,4.1,83.0,141.0,1185.0,24.0,31.6,16.6,35.95,2024
Green Bay Packers,338.0,5347.0,1036.0,5.2,31.0,14.0,327.0,381.0,565.0,3658.0,23.0,17.0,6.0,200.0,426.0,1689.0,13.0,4.0,104.0,114.0,940.0,23.0,33.0,16.2,10.82,2024
Detroit Lions,342.0,5820.0,1016.0,5.7,24.0,8.0,331.0,373.0,610.0,4148.0,18.0,16.0,6.4,198.0,369.0,1672.0,18.0,4.5,86.0,114.0,862.0,47.0,35.4,13.3,-58.06,2024
Pittsburgh Steelers,347.0,5554.0,1034.0,5.4,33.0,16.0,324.0,382.0,582.0,3876.0,23.0,17.0,6.2,193.0,412.0,1678.0,14.0,4.1,108.0,125.0,1039.0,23.0,34.6,15.9,-34.89,2024
Baltimore Ravens,361.0,5511.0,1062.0,5.2,17.0,5.0,330.0,396.0,625.0,4150.0,27.0,12.0,6.1,218.0,383.0,1361.0,12.0,3.6,69.0,97.0,759.0,43.0,36.6,9.1,-49.44,2024
Miami Dolphins,364.0,5345.0,1012.0,5.3,16.0,6.0,314.0,365.0,572.0,3582.0,22.0,10.0,5.9,190.0,405.0,1763.0,12.0,4.4,97.0,125.0,1030.0,27.0,38.7,8.8,-5.7,2024
Buffalo Bills,368.0,5806.0,1052.0,5.5,32.0,16.0,356.0,396.0,578.0,3843.0,28.0,16.0,6.2,217.0,435.0,1963.0,13.0,4.5,109.0,127.0,1016.0,30.0,36.3,17.5,-76.45,2024
Seattle Seahawks,368.0,5656.0,1065.0,5.3,18.0,5.0,329.0,371.0,569.0,3603.0,26.0,13.0,5.9,193.0,451.0,2053.0,11.0,4.6,107.0,121.0,958.0,29.0,34.0,9.3,-11.4,2024
Chicago Bears,370.0,6022.0,1028.0,5.9,24.0,13.0,326.0,325.0,503.0,3705.0,17.0,11.0,6.8,177.0,485.0,2317.0,20.0,4.8,129.0,107.0,794.0,20.0,40.5,13.0,-53.66,2024
Houston Texans,372.0,5355.0,1050.0,5.1,29.0,10.0,313.0,326.0,554.0,3417.0,31.0,19.0,5.7,172.0,447.0,1938.0,11.0,4.3,107.0,106.0,798.0,34.0,35.2,14.0,20.49,2024
Arizona Cardinals,379.0,5823.0,1045.0,5.6,17.0,8.0,344.0,370.0,539.0,3674.0,20.0,9.0,6.3,200.0,465.0,2149.0,18.0,4.6,124.0,100.0,803.0,20.0,43.1,9.6,-110.14,2024
Tampa Bay Buccaneers,385.0,5810.0,1065.0,5.5,18.0,11.0,336.0,418.0,630.0,4147.0,27.0,7.0,6.1,212.0,389.0,1663.0,13.0,4.3,94.0,96.0,897.0,30.0,40.1,8.8,-87.52,2024
Los Angeles Rams,386.0,6003.0,1057.0,5.7,20.0,7.0,342.0,354.0,542.0,3793.0,29.0,13.0,6.5,196.0,477.0,2210.0,13.0,4.6,117.0,113.0,948.0,29.0,42.9,10.6,-86.46,2024
Washington Commanders,391.0,5558.0,1029.0,5.4,17.0,10.0,335.0,307.0,496.0,3221.0,25.0,7.0,6.0,175.0,490.0,2337.0,18.0,4.8,122.0,105.0,849.0,38.0,41.5,8.8,-147.39,2024
New Orleans Saints,398.0,6459.0,1119.0,5.8,17.0,3.0,354.0,366.0,591.0,4055.0,19.0,14.0,6.4,194.0,489.0,2404.0,20.0,4.9,133.0,115.0,959.0,27.0,39.3,9.3,-107.32,2024
New York Jets,404.0,5334.0,1068.0,5.0,17.0,10.0,347.0,327.0,521.0,3275.0,18.0,7.0,5.8,171.0,504.0,2059.0,22.0,4.1,129.0,104.0,989.0,47.0,44.6,8.6,-93.24,2024
New York Giants,415.0,5896.0,1051.0,5.6,15.0,10.0,331.0,349.0,503.0,3580.0,23.0,5.0,6.5,177.0,503.0,2316.0,18.0,4.6,129.0,106.0,870.0,25.0,38.7,8.3,-97.6,2024
New England Patriots,417.0,5829.0,1068.0,5.5,12.0,5.0,348.0,346.0,533.0,3596.0,27.0,7.0,6.4,189.0,507.0,2233.0,16.0,4.4,127.0,100.0,772.0,32.0,42.8,5.8,-133.48,2024
Atlanta Falcons,423.0,5868.0,1067.0,5.5,18.0,6.0,347.0,404.0,578.0,3817.0,34.0,12.0,6.3,200.0,458.0,2051.0,11.0,4.5,131.0,122.0,964.0,16.0,43.7,9.8,-85.85,2024
Indianapolis Colts,427.0,6140.0,1112.0,5.5,25.0,9.0,343.0,378.0,545.0,3899.0,27.0,16.0,6.7,191.0,531.0,2241.0,18.0,4.2,127.0,92.0,862.0,25.0,38.3,12.8,-73.33,2024
Cincinnati Bengals,434.0,5921.0,1088.0,5.4,25.0,10.0,361.0,372.0,573.0,3799.0,30.0,15.0,6.2,192.0,479.0,2122.0,20.0,4.4,137.0,101.0,826.0,32.0,39.3,12.6,-101.94,2024
Las Vegas Raiders,434.0,5663.0,1053.0,5.4,13.0,3.0,323.0,370.0,561.0,3676.0,29.0,10.0,6.1,194.0,454.0,1987.0,14.0,4.4,102.0,117.0,852.0,27.0,42.6,7.1,-69.33,2024
Cleveland Browns,435.0,5816.0,1040.0,5.6,12.0,8.0,303.0,316.0,511.0,3611.0,26.0,4.0,6.5,176.0,488.0,2205.0,22.0,4.5,108.0,108.0,890.0,19.0,33.3,5.3,-61.95,2024
Jacksonville Jaguars,435.0,6629.0,1125.0,5.9,9.0,3.0,389.0,389.0,580.0,4375.0,29.0,6.0,7.1,219.0,511.0,2254.0,19.0,4.4,137.0,105.0,808.0,33.0,45.6,4.4,-165.95,2024
San Francisco 49ers,436.0,5396.0,1029.0,5.2,17.0,6.0,320.0,338.0,516.0,3278.0,25.0,11.0,5.9,181.0,476.0,2118.0,24.0,4.4,118.0,79.0,624.0,21.0,44.4,9.0,-88.77,2024
Tennessee Titans,460.0,5291.0,1008.0,5.2,18.0,7.0,314.0,314.0,473.0,3014.0,27.0,11.0,6.0,157.0,503.0,2277.0,21.0,4.5,118.0,120.0,988.0,39.0,40.4,8.7,-90.11,2024
Dallas Cowboys,468.0,6039.0,1046.0,5.8,22.0,9.0,342.0,349.0,512.0,3708.0,28.0,13.0,6.6,175.0,482.0,2331.0,25.0,4.8,141.0,132.0,1019.0,26.0,42.9,11.0,-117.02,2024
Carolina Panthers,534.0,6877.0,1154.0,6.0,17.0,8.0,417.0,360.0,530.0,3820.0,35.0,9.0,6.8,205.0,592.0,3057.0,24.0,5.2,179.0,120.0,977.0,33.0,51.4,8.6,-220.48,2024
Avg Team,389.5,5736.2,1056.6,5.4,20.6,8.5,335.3,363.4,556.6,3699.5,25.3,12.1,6.2,190.8,459.0,2036.7,16.0,4.4,115.1,109.6,887.9,29.5,38.8,10.7,-66.7,2024
League Total,12464.0,183558.0,33812.0,5.4,658.0,271.0,10730.0,11629.0,17811.0,118384.0,809.0,387.0,6.2,6104.0,14687.0,65174.0,511.0,4.4,3682.0,3506.0,28413.0,944.0,38.8,10.7,,2024
Avg Tm/G,22.9,337.4,62.2,5.4,1.2,0.5,19.7,21.4,32.7,217.6,1.5,0.7,6.2,11.2,27.0,119.8,0.9,4.4,6.8,6.4,52.2,1.7,38.8,10.7,,2024
Houston Texans,88.0,1645.0,348.0,4.7,10.0,3.0,101.0,107.0,185.0,1074.0,4.0,7.0,5.4,56.0,149.0,571.0,7.0,3.8,30.0,48.0,352.0,15.0,22.4,14.9,26.17,2025
Los Angeles Rams,117.0,2199.0,472.0,4.7,10.0,6.0,139.0,160.0,256.0,1458.0,8.0,4.0,5.2,75.0,190.0,741.0,2.0,3.9,49.0,65.0,523.0,15.0,31.9,13.9,22.55,2025
Atlanta Falcons,120.0,1591.0,328.0,4.9,9.0,3.0,98.0,92.0,156.0,847.0,7.0,6.0,5.0,50.0,157.0,744.0,4.0,4.7,41.0,36.0,304.0,7.0,39.7,12.1,-3.6,2025
Kansas City Chiefs,124.0,1962.0,371.0,5.3,7.0,3.0,117.0,134.0,193.0,1222.0,7.0,4.0,5.9,60.0,163.0,740.0,6.0,4.5,44.0,41.0,356.0,13.0,34.4,10.9,1.57,2025
Green Bay Packers,125.0,1731.0,386.0,4.5,3.0,1.0,115.0,161.0,238.0,1272.0,10.0,2.0,5.0,72.0,130.0,459.0,3.0,3.5,28.0,40.0,327.0,15.0,39.7,5.2,-14.94,2025
Denver Broncos,127.0,1912.0,426.0,4.5,5.0,3.0,121.0,124.0,222.0,1259.0,7.0,2.0,4.9,66.0,170.0,653.0,4.0,3.8,32.0,57.0,395.0,23.0,34.6,4.9,17.04,2025
New England Patriots,133.0,2190.0,391.0,5.6,9.0,4.0,133.0,156.0,216.0,1650.0,10.0,5.0,7.1,85.0,157.0,540.0,3.0,3.4,32.0,54.0,402.0,16.0,36.2,13.0,-14.41,2025
Seattle Seahawks,136.0,2141.0,460.0,4.7,8.0,0.0,136.0,180.0,276.0,1611.0,11.0,8.0,5.4,89.0,161.0,530.0,2.0,3.3,29.0,53.0,417.0,18.0,32.1,9.9,0.12,2025
Buffalo Bills,137.0,1941.0,343.0,5.7,5.0,3.0,114.0,106.0,165.0,1003.0,7.0,2.0,5.6,54.0,163.0,938.0,9.0,5.8,51.0,36.0,312.0,9.0,40.3,8.1,-30.82,2025
San Francisco 49ers,138.0,2222.0,418.0,5.3,6.0,6.0,134.0,152.0,231.0,1516.0,11.0,0.0,6.3,74.0,178.0,706.0,4.0,4.0,44.0,44.0,305.0,16.0,33.8,8.5,-27.11,2025
Indianapolis Colts,140.0,2420.0,444.0,5.5,11.0,2.0,152.0,182.0,275.0,1788.0,13.0,9.0,6.1,94.0,150.0,632.0,3.0,4.2,42.0,45.0,394.0,16.0,39.1,17.2,-40.28,2025
Pittsburgh Steelers,140.0,2248.0,416.0,5.4,10.0,5.0,140.0,156.0,237.0,1553.0,10.0,5.0,6.0,76.0,157.0,695.0,4.0,4.4,51.0,34.0,299.0,13.0,44.1,15.3,-30.37,2025
Detroit Lions,151.0,2100.0,416.0,5.0,11.0,4.0,132.0,150.0,238.0,1486.0,14.0,7.0,5.7,80.0,155.0,614.0,5.0,4.0,36.0,33.0,209.0,16.0,32.5,13.8,-2.0,2025
Cleveland Browns,152.0,1793.0,395.0,4.5,8.0,3.0,106.0,131.0,200.0,1216.0,12.0,5.0,5.6,65.0,177.0,577.0,3.0,3.3,29.0,61.0,383.0,12.0,33.8,9.1,31.47,2025
Carolina Panthers,152.0,2070.0,391.0,5.3,7.0,1.0,110.0,141.0,221.0,1422.0,10.0,6.0,6.1,71.0,159.0,648.0,5.0,4.1,34.0,53.0,393.0,5.0,37.7,10.1,-15.99,2025
Arizona Cardinals,154.0,2350.0,448.0,5.2,7.0,3.0,150.0,169.0,266.0,1644.0,8.0,4.0,5.9,91.0,170.0,706.0,7.0,4.2,41.0,52.0,484.0,18.0,41.1,8.2,-33.31,2025
Jacksonville Jaguars,155.0,2358.0,427.0,5.5,14.0,4.0,139.0,159.0,257.0,1720.0,15.0,10.0,6.5,89.0,162.0,638.0,4.0,3.9,32.0,44.0,394.0,18.0,32.9,17.7,-10.54,2025
Chicago Bears,155.0,2100.0,339.0,6.2,16.0,5.0,117.0,123.0,172.0,1274.0,15.0,11.0,6.9,60.0,155.0,826.0,4.0,5.3,42.0,30.0,209.0,15.0,37.9,24.2,-25.92,2025
Minnesota Vikings,162.0,2229.0,417.0,5.3,8.0,5.0,129.0,127.0,186.0,1316.0,11.0,3.0,6.5,58.0,213.0,913.0,5.0,4.3,59.0,52.0,424.0,12.0,36.4,10.4,-4.2,2025
Philadelphia Eagles,165.0,2444.0,451.0,5.4,7.0,2.0,148.0,145.0,244.0,1549.0,7.0,5.0,6.1,66.0,196.0,895.0,9.0,4.6,61.0,40.0,374.0,21.0,46.5,9.9,-36.26,2025
Washington Commanders,170.0,2550.0,437.0,5.8,3.0,1.0,138.0,138.0,215.0,1668.0,12.0,2.0,7.1,81.0,203.0,882.0,5.0,4.3,45.0,56.0,459.0,12.0,43.2,4.1,-41.14,2025
Los Angeles Chargers,173.0,2375.0,456.0,5.2,8.0,1.0,139.0,154.0,252.0,1476.0,8.0,7.0,5.4,70.0,182.0,899.0,10.0,4.9,53.0,55.0,452.0,16.0,43.0,10.1,-31.18,2025
Tampa Bay Buccaneers,175.0,2296.0,424.0,5.4,8.0,3.0,133.0,156.0,228.0,1603.0,11.0,5.0,6.5,83.0,176.0,693.0,7.0,3.9,35.0,51.0,435.0,15.0,40.0,10.7,-14.83,2025
New York Giants,177.0,2632.0,465.0,5.7,5.0,1.0,159.0,175.0,275.0,1717.0,9.0,4.0,5.9,89.0,175.0,915.0,9.0,5.2,49.0,69.0,603.0,21.0,41.0,6.4,-59.81,2025
Las Vegas Raiders,180.0,2300.0,434.0,5.3,7.0,4.0,135.0,159.0,236.0,1576.0,11.0,3.0,6.3,79.0,183.0,724.0,9.0,4.0,45.0,50.0,366.0,11.0,43.5,10.1,-42.32,2025
New York Jets,183.0,2285.0,431.0,5.3,1.0,1.0,133.0,129.0,202.0,1380.0,13.0,0.0,6.5,78.0,219.0,905.0,5.0,4.1,42.0,53.0,432.0,13.0,46.1,1.3,-41.15,2025
New Orleans Saints,186.0,2350.0,435.0,5.4,9.0,5.0,149.0,138.0,203.0,1444.0,14.0,4.0,6.7,79.0,218.0,906.0,6.0,4.2,55.0,62.0,471.0,15.0,44.4,12.5,-34.48,2025
Tennessee Titans,192.0,2447.0,433.0,5.7,9.0,5.0,138.0,150.0,205.0,1470.0,9.0,4.0,6.7,70.0,215.0,977.0,12.0,4.5,52.0,39.0,257.0,16.0,42.7,9.3,-51.3,2025
Baltimore Ravens,194.0,2285.0,403.0,5.7,3.0,2.0,136.0,148.0,216.0,1479.0,14.0,1.0,6.6,79.0,179.0,806.0,9.0,4.5,48.0,34.0,254.0,9.0,53.8,4.6,-72.41,2025
Miami Dolphins,205.0,2542.0,421.0,6.0,6.0,5.0,152.0,144.0,193.0,1427.0,11.0,1.0,6.9,77.0,214.0,1115.0,9.0,5.2,56.0,52.0,384.0,19.0,56.1,7.6,-80.18,2025
Dallas Cowboys,206.0,2811.0,464.0,6.1,6.0,3.0,163.0,164.0,238.0,1822.0,16.0,3.0,7.2,81.0,211.0,989.0,8.0,4.7,69.0,63.0,600.0,13.0,48.0,8.0,-80.32,2025
Cincinnati Bengals,214.0,2761.0,454.0,6.1,9.0,1.0,160.0,162.0,237.0,1800.0,17.0,8.0,7.3,93.0,206.0,961.0,8.0,4.7,57.0,53.0,440.0,10.0,44.0,12.0,-86.83,2025
Avg Team,157.1,2227.5,417.0,5.3,7.7,3.1,133.3,146.0,222.9,1460.7,10.7,4.6,6.1,74.7,177.9,766.8,5.9,4.3,44.2,48.6,387.8,14.5,39.7,10.4,-25.8,2025
League Total,5026.0,71280.0,13344.0,5.3,245.0,98.0,4266.0,4672.0,7134.0,46742.0,342.0,147.0,6.1,2390.0,5693.0,24538.0,190.0,4.3,1413.0,1555.0,12409.0,463.0,39.7,10.4,,2025
Avg Tm/G,23.1,327.0,61.2,5.3,1.1,0.4,19.6,21.4,32.7,214.4,1.6,0.7,6.1,11.0,26.1,112.6,0.9,4.3,6.5,7.1,56.9,2.1,39.7,10.4,,2025
