,def_season,def_team,def_special_teams_tds,def_tackles_solo,def_tackles_with_assist,def_tackle_assists,def_tackles_for_loss,def_tackles_for_loss_yards,def_fumbles_forced,def_sacks,def_sack_yards,def_qb_hits,def_interceptions,def_interception_yards,def_pass_defended,def_tds,def_safeties,def_misc_yards,def_fumble_recovery_opp,def_fumble_recovery_yards_opp,def_fumble_recovery_tds,def_punt_returns,def_punt_return_yards,def_kickoff_returns,def_kickoff_return_yards
0,2014,ARI,1,710,51,161,82,361,9,35,244,83,18,321,62,3,0,62,7,7,1,26,277,22,417
1,2014,ATL,1,645,41,337,55,211,13,22,140,63,16,113,66,1,0,75,12,12,1,18,239,50,1174
2,2014,BAL,2,645,24,372,74,407,16,49,362,118,11,135,75,1,1,45,11,11,0,32,292,38,1077
3,2014,BUF,3,618,146,304,88,354,14,54,308,99,19,322,75,0,1,14,11,11,1,37,354,33,770
4,2014,CAR,1,640,15,315,64,278,22,40,268,80,14,350,73,2,0,0,12,12,0,30,239,37,805
5,2014,CHI,1,671,30,292,66,271,18,39,228,79,14,141,53,1,0,0,10,10,0,21,109,55,1290
6,2014,CIN,0,657,17,411,60,212,7,20,125,75,20,161,96,1,3,0,6,6,0,40,439,45,1241
7,2014,CLE,0,660,31,433,62,309,15,30,186,70,21,333,96,2,1,0,8,8,1,27,181,37,801
8,2014,DAL,0,664,63,245,59,219,15,27,156,79,18,228,71,2,0,0,13,13,1,30,275,33,790
9,2014,DEN,0,692,50,196,80,337,15,41,252,93,18,213,91,2,1,0,7,7,1,41,296,32,802
10,2014,DET,0,680,18,202,100,438,11,42,295,119,20,388,75,1,1,0,7,7,1,32,284,25,612
11,2014,GB,2,671,87,275,65,317,12,41,261,96,18,396,88,3,1,0,9,9,1,29,333,29,555
12,2014,HOU,1,658,80,314,72,337,17,38,251,116,20,483,94,4,1,5,14,14,1,34,208,20,422
13,2014,IND,0,656,34,274,73,329,21,40,257,86,12,143,75,1,0,1,14,14,1,45,312,38,1065
14,2014,JAX,0,744,28,332,82,299,19,45,275,75,6,80,47,1,1,0,14,14,2,37,264,43,1033
15,2014,KC,2,747,46,152,67,282,13,46,253,85,6,95,74,1,0,0,7,7,1,50,605,51,1430
16,2014,LA,2,720,91,179,86,367,17,40,265,71,13,276,63,3,0,38,12,12,0,37,482,45,1099
17,2014,LAC,0,623,169,265,60,227,16,26,178,52,7,65,55,0,1,9,11,11,3,23,203,26,577
18,2014,LV,1,724,62,236,74,276,12,22,157,56,9,76,58,0,0,0,5,5,1,37,261,47,1027
19,2014,MIA,0,738,48,204,74,294,13,39,211,74,14,299,54,2,3,90,11,11,1,25,204,41,1082
20,2014,MIN,2,718,28,262,67,296,9,41,217,92,13,201,61,2,0,73,6,6,2,27,297,54,1173
21,2014,NE,3,628,60,324,66,332,15,40,282,82,16,184,66,0,0,120,9,9,2,41,431,31,693
22,2014,NO,0,700,22,262,63,255,11,34,188,68,12,120,57,0,2,0,5,5,0,19,134,21,543
23,2014,NYG,0,618,159,279,64,330,15,47,313,96,17,236,75,0,0,0,8,8,1,29,224,44,1025
24,2014,NYJ,0,569,132,344,61,318,9,45,310,108,6,36,56,0,1,0,7,7,0,43,273,58,1342
25,2014,PHI,7,780,38,206,91,411,24,49,357,80,12,145,82,2,0,38,16,16,2,41,531,32,874
26,2014,PIT,1,599,75,301,57,282,12,33,194,83,11,242,54,4,1,0,10,10,1,32,321,35,758
27,2014,SEA,1,602,39,267,80,343,18,36,226,85,13,319,65,2,1,25,10,10,0,36,252,39,820
28,2014,SF,0,671,62,184,73,304,10,35,196,79,23,315,83,2,0,0,6,6,1,35,227,45,1104
29,2014,TB,0,711,127,295,84,316,16,36,210,75,14,155,64,3,0,3,11,11,0,23,249,36,819
30,2014,TEN,0,752,10,290,88,342,5,39,222,67,12,122,69,1,1,0,4,4,1,30,207,48,1121
31,2014,WAS,0,635,96,290,65,293,14,36,241,78,7,38,48,0,0,0,12,12,0,29,208,36,783
32,2015,ARI,1,707,35,151,86,348,22,35,258,107,19,263,69,4,2,0,14,14,2,39,289,32,770
33,2015,ATL,0,667,53,237,46,185,12,19,117,75,15,220,61,1,0,0,8,8,3,27,255,26,667
34,2015,BAL,2,647,22,286,79,283,8,37,220,94,6,51,65,1,0,68,8,8,1,40,450,34,857
35,2015,BUF,0,610,97,247,45,165,9,21,125,75,17,253,93,2,1,0,8,8,1,31,232,41,772
36,2015,CAR,0,650,42,336,86,386,22,44,302,110,24,301,84,4,0,0,15,15,1,30,282,22,407
37,2015,CHI,0,683,36,180,56,302,6,35,237,93,8,103,53,0,0,0,9,9,0,31,242,33,892
38,2015,CIN,0,690,25,307,71,345,10,42,288,110,21,202,87,1,0,0,7,7,0,43,350,34,700
39,2015,CLE,1,672,14,324,62,246,14,29,157,71,11,210,54,2,0,-1,10,10,0,29,325,41,1041
40,2015,DAL,1,612,83,329,69,318,6,31,229,76,8,62,54,1,1,80,3,3,0,33,183,28,704
41,2015,DEN,1,709,27,221,86,391,22,52,351,123,14,321,83,4,1,0,13,13,1,29,283,27,588
42,2015,DET,0,737,36,214,94,368,17,43,279,104,9,103,62,1,2,0,9,9,1,30,209,44,1220
43,2015,GB,0,705,36,224,79,346,12,43,256,95,16,198,72,2,0,0,6,6,1,31,167,36,881
44,2015,HOU,0,619,67,309,78,358,12,45,311,106,14,180,90,2,0,0,11,11,1,52,377,18,430
45,2015,IND,0,652,30,328,72,342,13,35,251,85,17,196,77,4,1,0,8,8,1,39,268,43,1047
46,2015,JAX,1,748,21,249,82,323,14,36,237,76,9,120,73,1,0,0,9,9,2,31,361,31,721
47,2015,KC,0,710,33,165,77,325,13,47,290,86,22,477,93,4,1,0,7,7,2,45,355,35,791
48,2015,LA,1,745,24,330,97,348,20,41,236,116,13,182,71,1,1,0,13,13,2,39,300,34,830
49,2015,LAC,0,634,117,211,67,303,11,32,222,75,11,152,62,1,0,0,9,9,0,20,84,28,583
50,2015,LV,0,758,40,198,82,307,14,38,211,78,14,73,90,1,2,12,11,11,0,42,272,53,1268
51,2015,MIA,1,743,39,273,88,368,8,31,225,89,13,184,71,3,0,0,3,3,0,41,424,43,958
52,2015,MIN,3,698,100,186,69,318,11,43,283,111,13,215,65,2,0,44,9,9,1,34,311,42,1190
53,2015,NE,0,634,69,305,71,378,22,49,358,94,12,176,85,0,1,0,9,9,2,47,473,25,469
54,2015,NO,2,662,33,297,54,266,18,30,198,64,9,87,69,0,0,4,13,13,1,32,275,28,605
55,2015,NYG,2,645,214,322,50,218,18,23,137,84,15,206,87,2,1,9,12,12,2,36,367,39,971
56,2015,NYJ,0,602,53,321,57,281,15,38,270,116,18,191,77,0,0,0,12,12,0,49,422,37,771
57,2015,PHI,3,768,40,266,77,325,18,37,243,83,15,280,82,3,1,24,11,11,1,39,443,27,565
58,2015,PIT,1,688,76,284,81,397,16,47,303,96,17,282,81,2,0,1,13,13,0,28,231,29,701
59,2015,SEA,2,602,17,335,71,293,18,37,255,103,14,205,75,0,0,0,8,8,3,42,450,34,868
60,2015,SF,0,728,105,253,59,275,5,28,196,77,9,125,58,1,0,18,3,3,0,30,226,42,993
61,2015,TB,0,668,113,337,71,312,19,38,232,87,11,93,66,1,0,0,12,12,2,29,288,21,506
62,2015,TEN,0,667,11,291,64,290,11,39,271,71,11,164,58,1,0,0,8,8,1,38,307,33,680
63,2015,WAS,3,591,78,374,57,271,22,37,260,82,11,181,60,1,1,0,15,15,1,32,153,40,999
64,2016,ARI,0,728,31,199,103,436,21,46,360,103,14,263,68,2,2,0,14,14,1,38,230,25,544
65,2016,ATL,0,647,41,303,58,274,17,34,228,81,12,279,89,3,0,0,10,10,2,24,273,23,484
66,2016,BAL,1,623,30,304,70,288,14,31,223,80,18,178,71,0,0,23,10,10,1,32,246,28,636
67,2016,BUF,0,602,137,337,59,285,11,39,253,79,12,207,74,1,0,0,6,6,2,28,314,39,829
68,2016,CAR,0,671,29,331,73,324,18,47,270,93,17,204,70,1,1,79,10,10,2,29,202,37,828
69,2016,CHI,1,705,58,214,62,270,11,37,230,75,8,73,70,1,1,0,3,3,1,27,215,42,897
70,2016,CIN,0,658,44,356,57,230,6,33,185,104,17,138,85,0,1,0,3,3,0,38,246,39,1003
71,2016,CLE,0,690,26,336,52,243,6,26,177,81,10,146,67,1,0,0,3,3,0,30,200,34,634
72,2016,DAL,0,642,63,299,77,282,18,34,197,90,9,75,64,0,0,0,11,11,0,28,198,24,492
73,2016,DEN,0,708,44,258,51,224,16,41,228,114,14,367,83,3,0,0,13,13,1,37,316,21,481
74,2016,DET,2,679,53,227,55,233,8,26,161,68,10,96,63,1,2,32,4,4,0,20,246,35,793
75,2016,GB,0,659,61,207,75,381,9,39,285,83,17,209,88,0,0,0,8,8,0,26,235,32,631
76,2016,HOU,1,632,49,295,61,257,7,31,198,89,11,132,70,1,1,0,6,6,0,39,427,30,557
77,2016,IND,1,696,11,253,50,226,15,33,211,82,8,100,60,0,0,0,9,9,1,22,182,32,804
78,2016,JAX,1,711,28,182,78,276,10,33,183,77,7,104,55,1,0,0,6,6,0,40,220,37,881
79,2016,KC,3,728,28,184,65,226,16,27,157,76,18,271,104,4,1,0,15,15,1,40,592,40,943
80,2016,LA,0,708,36,222,82,309,12,31,196,102,10,71,73,0,0,0,8,8,1,49,369,47,1122
81,2016,LAC,0,668,91,221,86,333,14,35,230,87,18,292,86,3,1,0,10,10,2,32,212,28,508
82,2016,LV,0,668,52,206,47,178,20,25,147,80,16,147,73,1,0,0,14,14,0,41,380,26,534
83,2016,MIA,3,656,47,399,63,273,16,32,220,96,16,186,75,1,0,11,9,9,0,36,328,35,879
84,2016,MIN,3,646,9,315,63,339,13,41,310,114,14,253,59,2,1,0,13,13,2,34,354,33,902
85,2016,NE,0,601,22,366,50,297,16,34,227,74,13,109,72,0,3,6,10,10,0,45,309,29,542
86,2016,NO,0,665,57,257,56,251,11,30,213,106,9,109,67,0,1,0,12,12,0,23,221,28,462
87,2016,NYG,1,592,195,313,63,279,15,35,242,85,17,174,101,1,0,78,8,8,2,45,275,31,739
88,2016,NYJ,1,617,27,325,71,237,14,27,179,81,8,141,54,0,0,0,4,4,1,27,149,43,941
89,2016,PHI,2,624,35,251,71,313,15,33,207,90,16,207,77,3,1,0,10,10,0,19,246,35,956
90,2016,PIT,0,608,105,289,76,330,16,38,259,92,13,133,80,0,1,0,10,10,1,22,185,28,603
91,2016,SEA,0,597,28,450,73,324,16,42,272,103,11,72,70,0,1,4,8,8,1,30,249,35,808
92,2016,SF,0,738,84,280,60,239,15,31,154,79,10,96,73,0,1,0,10,10,0,23,216,38,749
93,2016,TB,0,693,81,185,68,270,16,38,234,83,17,234,87,4,1,76,12,12,0,29,266,21,307
94,2016,TEN,0,662,24,224,68,337,4,39,269,95,12,68,76,0,0,0,6,6,1,30,236,33,629
95,2016,WAS,1,651,90,316,72,309,17,38,253,97,13,186,75,0,0,0,7,7,0,29,344,27,570
96,2017,ARI,0,730,32,198,84,372,17,37,255,96,15,258,74,1,0,0,6,6,1,41,288,29,592
97,2017,ATL,0,649,33,305,73,339,12,39,296,81,8,108,65,0,0,0,8,8,3,27,201,39,871
98,2017,BAL,2,726,17,215,90,389,16,41,280,100,22,385,83,3,0,0,12,12,3,32,322,34,936
99,2017,BUF,0,654,115,345,70,254,16,26,147,71,18,275,82,1,0,0,7,7,2,24,213,32,640
100,2017,CAR,2,591,22,322,69,319,15,50,304,105,10,78,56,0,0,0,11,11,1,40,318,34,760
101,2017,CHI,2,726,20,228,72,330,14,42,277,101,8,253,69,2,1,73,14,14,1,32,337,46,969
102,2017,CIN,0,728,18,346,82,384,4,41,278,100,11,339,73,3,0,0,2,2,0,47,409,34,670
103,2017,CLE,0,702,31,331,93,354,14,34,197,78,7,97,73,1,0,0,6,6,0,38,221,35,790
104,2017,DAL,1,650,55,281,89,426,20,38,321,97,10,98,64,1,0,86,10,10,0,31,275,25,620
105,2017,DEN,0,617,44,234,75,293,8,33,175,77,10,237,62,2,0,0,7,7,2,41,351,34,768
106,2017,DET,2,703,46,242,76,318,16,35,228,95,19,253,79,3,0,0,13,13,2,37,517,32,583
107,2017,GB,0,669,81,299,78,328,10,37,252,85,11,54,64,1,0,0,10,10,1,27,289,35,761
108,2017,HOU,0,620,64,308,79,280,13,32,200,71,11,144,58,2,1,0,5,5,2,35,296,27,558
109,2017,IND,0,644,19,335,66,281,11,25,177,73,13,215,69,1,2,0,7,7,0,27,162,28,590
110,2017,JAX,1,688,16,200,81,335,17,55,356,105,21,294,81,2,0,0,12,12,5,34,325,25,551
111,2017,KC,1,650,54,218,71,273,12,31,179,70,16,201,86,0,0,0,10,10,3,35,220,47,1051
112,2017,LA,3,651,62,234,72,322,17,48,324,99,18,401,96,3,2,43,10,10,0,45,458,40,1001
113,2017,LAC,1,616,179,289,74,309,13,43,261,86,18,302,79,2,0,0,9,9,2,28,259,25,474
114,2017,LV,0,633,103,285,64,247,12,31,188,73,5,10,56,0,0,0,9,9,0,27,155,34,738
115,2017,MIA,0,644,58,274,68,301,9,30,185,89,9,99,57,1,2,40,6,6,2,37,271,40,834
116,2017,MIN,0,605,23,289,77,338,8,36,227,86,14,200,71,1,1,40,5,5,0,39,372,25,619
117,2017,NE,1,662,101,225,62,302,9,41,279,93,12,114,67,0,2,0,5,5,0,32,263,28,622
118,2017,NO,2,673,16,254,77,344,17,42,287,81,20,192,102,2,0,39,5,5,1,34,218,36,825
119,2017,NYG,0,593,206,318,55,219,12,27,161,64,13,161,73,2,1,0,6,6,0,27,148,31,609
120,2017,NYJ,0,676,36,282,69,250,9,28,155,95,11,151,62,0,0,0,9,9,0,38,171,34,683
121,2017,PHI,0,629,45,227,80,297,14,38,246,113,19,278,92,1,0,8,11,12,5,29,259,18,354
122,2017,PIT,2,613,67,229,91,481,12,56,393,104,16,184,80,0,1,24,6,6,0,30,207,33,630
123,2017,SEA,1,675,36,320,76,338,13,39,269,112,14,212,78,3,2,0,9,9,1,36,237,43,1004
124,2017,SF,0,695,83,237,66,256,17,30,179,100,10,185,58,1,0,0,10,10,0,34,304,31,570
125,2017,TB,0,707,83,239,58,224,18,22,137,79,13,218,56,1,0,0,13,13,3,20,192,20,432
126,2017,TEN,0,671,28,304,64,275,11,42,257,91,12,154,74,0,0,0,9,9,1,36,305,28,618
127,2017,WAS,0,627,94,334,61,271,12,41,254,108,16,194,90,2,0,0,7,7,0,29,178,34,673
128,2018,ARI,1,771,60,246,85,360,13,49,333,90,7,55,52,0,0,0,9,9,2,36,295,25,536
129,2018,ATL,0,662,50,326,54,276,8,37,255,77,15,151,72,1,0,-1,4,4,1,21,147,31,689
130,2018,BAL,1,619,35,241,85,414,9,42,279,104,12,99,89,0,0,2,5,5,3,35,404,32,707
131,2018,BUF,0,627,99,287,76,317,20,36,217,87,16,133,73,0,1,0,11,11,1,31,207,38,807
132,2018,CAR,0,579,54,302,76,303,13,34,205,71,13,86,71,0,0,0,9,9,1,24,165,26,582
133,2018,CHI,0,654,65,201,82,389,18,50,339,100,27,330,98,5,1,0,9,9,1,33,411,23,440
134,2018,CIN,0,697,33,337,61,261,10,34,173,83,12,222,75,3,0,0,6,6,2,22,236,43,1071
135,2018,CLE,0,712,39,317,72,328,18,37,245,90,17,100,78,0,1,0,14,14,0,32,290,44,884
136,2018,DAL,0,642,49,303,65,285,14,39,229,98,9,141,66,0,0,0,11,11,1,21,119,13,283
137,2018,DEN,0,654,49,301,67,341,13,43,295,94,17,158,82,2,0,19,10,10,0,30,132,30,604
138,2018,DET,0,653,45,209,66,347,10,43,298,77,7,148,48,2,0,0,7,7,0,27,171,20,482
139,2018,GB,1,657,76,268,71,389,10,42,297,74,7,100,59,1,0,0,8,8,0,30,198,30,644
140,2018,HOU,0,672,44,278,78,356,20,43,310,92,15,252,90,3,0,14,14,15,1,38,327,20,487
141,2018,IND,0,629,121,333,72,307,15,38,228,77,15,220,61,0,0,0,11,11,0,24,217,17,337
142,2018,JAX,1,676,41,191,66,283,7,37,241,93,11,117,52,2,2,0,6,6,0,34,334,26,532
143,2018,KC,1,710,34,306,67,337,23,52,347,105,15,280,64,3,0,0,12,12,1,22,261,40,975
144,2018,LA,1,583,90,274,68,338,13,41,326,100,18,290,68,3,2,0,12,12,1,30,307,39,834
145,2018,LAC,1,621,71,333,64,276,7,38,240,85,13,247,73,1,0,31,7,7,1,34,358,28,653
146,2018,LV,1,610,77,279,48,163,5,13,80,48,14,124,73,1,0,0,3,3,0,25,291,29,663
147,2018,MIA,2,645,64,342,64,274,11,30,208,76,21,321,59,3,0,0,7,7,0,28,293,39,938
148,2018,MIN,0,654,47,287,84,444,8,50,361,94,12,159,63,1,0,0,8,8,2,29,315,22,540
149,2018,NE,2,600,28,356,51,273,14,30,238,100,18,156,67,1,0,35,10,10,1,26,199,28,755
150,2018,NO,0,649,44,256,81,393,19,49,321,98,12,259,69,1,0,12,12,12,0,24,157,23,560
151,2018,NYG,0,606,150,312,59,249,11,30,185,84,16,191,76,3,0,0,5,5,0,37,231,45,1097
152,2018,NYJ,2,697,28,258,74,349,13,39,293,114,13,318,76,3,0,0,7,7,0,25,324,46,1238
153,2018,PHI,0,648,64,226,82,379,12,44,311,133,10,139,68,0,0,0,7,7,0,33,216,33,725
154,2018,PIT,0,604,84,282,70,357,13,51,347,115,8,89,69,2,2,0,7,7,1,31,252,32,619
155,2018,SEA,0,633,48,258,66,302,18,40,244,109,12,196,64,1,0,0,14,14,1,25,143,29,669
156,2018,SF,1,643,98,242,72,293,11,36,221,92,2,55,39,1,1,0,5,5,0,31,180,36,944
157,2018,TB,0,713,72,202,79,349,12,38,232,93,9,97,56,0,0,0,8,8,2,26,163,31,631
158,2018,TEN,1,607,113,323,59,276,12,39,248,84,11,120,64,2,0,0,6,6,0,27,237,23,737
159,2018,WAS,0,606,93,315,63,308,19,46,297,94,15,203,60,0,0,0,11,11,1,17,110,29,570
160,2019,ARI,0,714,62,342,81,322,19,40,275,91,7,82,56,0,0,0,10,10,0,24,168,36,764
161,2019,ATL,1,586,51,395,63,283,17,28,219,69,12,130,57,1,0,0,8,8,1,37,263,25,571
162,2019,BAL,0,574,41,257,66,308,15,37,268,111,13,259,71,2,1,0,12,12,4,25,206,27,493
163,2019,BUF,1,583,115,303,84,425,16,44,298,92,14,59,83,0,1,0,9,9,0,32,243,32,802
164,2019,CAR,0,663,27,315,72,328,8,53,301,108,14,141,67,0,2,4,7,7,1,25,171,31,677
165,2019,CHI,1,711,15,231,52,261,12,32,242,79,10,157,67,1,1,0,9,9,0,33,302,34,903
166,2019,CIN,1,629,32,376,58,261,9,31,204,86,11,181,58,0,1,0,5,5,0,29,164,42,1091
167,2019,CLE,0,665,39,287,74,349,12,38,270,82,14,219,64,1,0,27,6,6,0,23,163,38,830
168,2019,DAL,0,631,26,346,74,396,14,39,303,90,7,83,71,0,0,0,10,10,1,23,131,20,325
169,2019,DEN,0,624,57,353,73,277,9,40,213,79,10,87,70,0,0,0,6,7,1,27,208,21,534
170,2019,DET,2,702,58,288,41,198,16,28,188,70,7,76,73,0,0,0,11,11,1,31,246,23,564
171,2019,GB,0,627,44,306,59,309,12,41,295,94,17,177,74,0,0,0,7,7,0,20,98,32,667
172,2019,HOU,0,626,63,327,48,228,14,31,215,91,12,302,75,2,0,19,10,10,0,22,214,14,308
173,2019,IND,2,619,117,287,62,275,14,41,249,82,15,167,50,1,2,0,8,8,0,24,418,31,707
174,2019,JAX,0,647,29,295,76,399,13,46,304,104,10,132,60,1,0,0,9,9,1,31,154,26,628
175,2019,KC,1,652,38,320,65,383,13,45,338,96,16,141,65,1,0,7,7,7,2,32,222,37,927
176,2019,LA,0,610,84,376,70,346,15,50,303,93,13,137,76,2,1,41,11,12,2,27,170,18,404
177,2019,LAC,1,643,53,305,65,234,6,29,176,67,11,74,45,0,0,0,3,3,0,22,118,35,726
178,2019,LV,0,630,68,234,68,313,9,32,248,64,9,214,67,2,0,0,6,6,0,27,190,35,811
179,2019,MIA,1,609,56,406,44,204,9,23,155,64,13,190,66,1,1,0,3,3,0,27,177,36,796
180,2019,MIN,0,700,39,291,81,381,19,48,362,101,17,95,83,1,1,0,14,14,1,28,191,17,380
181,2019,NE,2,545,116,274,49,278,15,47,326,102,25,353,89,3,1,17,11,11,2,29,233,26,575
182,2019,NO,1,632,29,239,76,389,11,50,323,110,13,140,78,2,1,0,10,10,1,40,368,28,676
183,2019,NYG,1,642,81,375,68,277,9,36,246,98,10,171,65,1,1,0,6,6,1,28,274,49,1153
184,2019,NYJ,1,671,25,319,91,351,10,35,222,99,12,138,67,3,2,14,9,9,2,21,240,37,807
185,2019,PHI,0,615,20,268,76,324,15,43,271,106,11,159,82,1,0,18,9,9,2,27,160,29,653
186,2019,PIT,1,643,126,338,78,345,22,53,335,118,20,235,83,1,0,0,18,18,2,29,285,29,525
187,2019,SEA,0,577,56,390,45,171,20,28,184,68,16,161,74,2,0,46,16,16,1,23,141,22,432
188,2019,SF,0,648,53,283,77,388,23,48,367,93,12,286,75,3,0,0,15,15,2,33,264,20,409
189,2019,TB,0,668,27,257,82,338,21,47,325,117,12,201,96,2,0,0,16,16,4,33,172,25,494
190,2019,TEN,1,622,107,377,60,289,11,42,258,84,14,158,72,1,1,77,9,9,2,22,169,30,638
191,2019,WAS,1,716,53,347,73,292,16,46,270,95,13,106,52,0,0,2,9,9,0,22,104,33,833
192,2020,ARI,0,689,55,297,80,391,15,48,326,100,11,129,57,0,1,5,10,10,0,25,136,24,525
193,2020,ATL,0,663,27,341,53,258,17,29,221,92,12,204,51,1,0,0,9,9,0,17,152,20,409
194,2020,BAL,1,624,44,340,62,323,25,39,272,116,10,78,67,0,2,0,12,12,3,27,244,23,613
195,2020,BUF,1,632,99,293,58,252,15,38,220,92,15,184,76,2,0,0,11,11,1,31,370,36,995
196,2020,CAR,0,580,20,408,51,225,14,29,199,89,7,110,58,0,0,0,15,15,3,20,117,29,734
197,2020,CHI,1,659,24,332,58,248,15,35,234,88,10,81,71,0,1,0,8,8,1,25,190,47,1145
198,2020,CIN,1,598,28,390,43,151,10,17,83,73,11,84,80,0,0,0,6,6,0,23,232,31,764
199,2020,CLE,0,641,45,327,48,211,17,38,262,75,11,214,74,2,2,0,10,10,0,24,115,36,795
200,2020,DAL,1,636,20,386,49,184,16,31,178,74,10,108,46,0,0,0,12,13,2,29,265,37,965
201,2020,DEN,1,689,24,304,61,328,12,42,282,93,10,130,64,0,0,0,6,6,0,20,267,27,557
202,2020,DET,1,666,57,353,53,216,15,24,195,56,7,65,51,0,1,19,5,5,0,17,217,34,845
203,2020,GB,0,612,55,321,53,252,12,41,254,80,11,98,74,1,1,0,7,7,1,11,53,33,623
204,2020,HOU,0,656,80,370,59,261,9,33,217,80,3,19,50,1,0,0,6,6,0,20,158,36,722
205,2020,IND,2,639,105,257,64,256,14,40,261,81,15,266,78,4,3,6,10,10,0,31,312,43,1111
206,2020,JAX,2,675,45,355,51,169,12,18,91,77,12,200,60,1,0,16,5,5,0,18,205,30,614
207,2020,KC,2,642,16,294,41,219,13,32,189,99,16,259,64,2,1,27,6,6,0,28,163,25,646
208,2020,LA,0,611,50,342,65,361,12,53,350,102,14,266,68,3,1,3,8,8,1,34,235,25,516
209,2020,LAC,0,619,44,336,51,193,6,27,137,85,12,217,54,2,1,0,7,7,0,18,100,42,924
210,2020,LV,0,639,43,301,50,177,8,21,129,77,10,156,74,0,0,32,5,5,0,23,265,22,418
211,2020,MIA,1,592,57,343,62,343,16,41,349,99,18,146,76,0,0,0,10,10,2,32,354,12,215
212,2020,MIN,0,630,44,400,45,181,11,23,126,70,15,65,56,0,1,10,7,7,0,16,69,33,722
213,2020,NE,2,573,123,349,38,169,5,24,165,65,18,162,52,1,0,44,4,4,1,23,357,31,717
214,2020,NO,0,609,15,279,74,341,7,44,284,113,18,196,84,1,1,0,8,8,0,39,399,30,761
215,2020,NYG,0,639,62,404,63,339,14,40,323,108,11,101,75,1,0,0,11,11,1,20,228,36,788
216,2020,NYJ,0,659,70,380,59,250,17,31,186,84,10,134,67,1,1,25,9,9,0,10,86,41,811
217,2020,PHI,1,696,45,347,82,351,14,49,324,115,8,101,43,1,1,0,11,12,2,26,230,31,648
218,2020,PIT,0,628,73,273,93,419,13,56,384,137,18,169,84,3,1,0,9,9,0,37,356,29,670
219,2020,SEA,0,705,27,329,84,323,14,46,251,109,14,106,80,0,3,0,8,8,0,22,189,28,629
220,2020,SF,0,624,42,306,58,272,13,30,199,72,12,123,62,1,0,0,8,8,0,25,226,27,520
221,2020,TB,0,644,31,301,84,420,15,48,366,116,15,171,70,1,1,4,10,10,0,30,176,25,546
222,2020,TEN,1,640,89,347,50,233,12,19,154,72,15,189,81,0,0,0,8,8,2,23,208,38,767
223,2020,WAS,0,619,26,342,73,373,14,46,314,97,16,136,66,2,1,0,7,7,1,31,176,31,645
224,2021,ARI,0,623,80,358,64,259,21,40,227,101,13,247,73,1,0,0,14,14,1,26,238,29,611
225,2021,ATL,0,637,91,481,44,174,14,17,148,59,12,202,77,2,1,0,8,8,0,23,189,46,999
226,2021,BAL,0,607,74,370,60,269,8,33,227,96,9,38,72,1,0,0,6,6,1,26,360,32,737
227,2021,BUF,0,580,120,318,71,329,12,41,267,91,19,238,80,1,0,0,11,11,0,37,316,33,790
228,2021,CAR,1,614,78,404,69,317,14,39,293,94,9,103,52,0,1,4,7,7,0,24,213,28,620
229,2021,CHI,1,633,75,385,71,339,14,49,366,83,8,135,56,1,1,0,8,8,1,29,338,51,1180
230,2021,CIN,0,642,77,411,73,277,17,41,265,99,13,266,63,1,0,0,8,8,1,36,261,33,662
231,2021,CLE,0,600,104,398,65,290,12,43,273,102,13,148,79,1,0,0,6,6,1,47,337,40,828
232,2021,DAL,3,624,63,333,61,307,13,41,297,114,26,405,83,5,0,5,8,8,1,28,185,29,719
233,2021,DEN,0,578,63,381,58,283,6,36,249,83,13,221,73,1,0,0,6,6,0,28,230,18,291
234,2021,DET,0,640,94,430,51,240,10,30,201,63,11,108,68,0,0,0,8,8,0,22,236,36,880
235,2021,GB,0,633,77,295,46,249,10,38,287,93,18,164,74,2,0,0,8,8,0,25,199,30,531
236,2021,HOU,1,644,119,437,67,273,16,32,225,70,17,295,64,1,1,0,8,8,0,26,188,43,1006
237,2021,IND,2,632,134,336,55,236,18,33,223,86,19,175,69,0,1,12,14,15,1,23,170,33,808
238,2021,JAX,2,647,80,426,55,268,9,32,236,83,7,57,50,0,0,109,2,2,1,19,159,36,799
239,2021,KC,0,634,56,368,42,192,18,31,209,91,15,160,69,2,0,0,14,14,2,19,228,30,702
240,2021,LA,1,631,116,444,75,337,15,50,367,95,19,192,72,0,0,0,6,6,0,19,215,34,686
241,2021,LAC,1,641,101,427,55,221,19,35,231,89,11,70,56,0,0,0,10,10,1,18,107,39,976
242,2021,LV,0,628,85,453,53,239,13,35,207,114,6,68,74,0,1,0,9,9,0,32,309,35,694
243,2021,MIA,1,585,113,403,60,354,14,47,367,128,14,175,91,3,0,2,12,12,2,29,190,19,330
244,2021,MIN,2,657,107,443,55,350,13,51,378,101,16,256,68,2,0,0,8,8,0,26,206,32,849
245,2021,NE,0,579,142,402,50,264,10,36,256,86,23,322,89,3,0,0,7,7,0,28,316,25,544
246,2021,NO,0,659,56,376,76,344,13,46,310,113,18,313,81,2,0,33,7,7,0,35,349,37,838
247,2021,NYG,0,629,98,544,47,184,12,34,205,79,15,135,83,1,1,0,7,7,0,26,197,33,683
248,2021,NYJ,1,654,114,448,55,287,13,31,245,88,7,114,61,1,0,0,7,7,0,17,206,50,1371
249,2021,PHI,0,607,65,507,62,287,13,29,220,83,12,142,56,2,0,8,4,4,3,33,239,34,630
250,2021,PIT,1,674,116,406,85,375,18,55,321,106,13,105,80,0,0,9,9,9,0,40,370,38,849
251,2021,SEA,1,671,160,504,52,250,9,33,250,92,11,92,80,0,1,41,7,7,0,23,192,38,894
252,2021,SF,0,634,71,411,83,393,22,48,364,103,9,136,55,2,0,0,11,11,0,34,279,34,642
253,2021,TB,0,676,60,316,73,315,16,47,285,127,17,177,85,2,0,0,12,12,0,35,250,30,592
254,2021,TEN,0,601,104,350,62,335,13,42,309,93,16,128,83,2,0,0,6,6,2,30,293,40,778
255,2021,WAS,1,612,85,417,54,220,9,37,180,104,11,120,61,2,0,0,7,7,0,16,134,36,904
256,2022,ARI,0,618,128,402,71,331,12,36,266,106,11,246,77,3,0,0,9,9,2,35,289,31,686
257,2022,ATL,2,567,108,524,48,233,8,21,148,69,10,124,69,1,1,27,7,7,1,18,292,28,634
258,2022,BAL,1,625,93,359,68,315,14,48,305,95,14,105,77,0,0,0,11,11,0,20,214,27,659
259,2022,BUF,2,593,119,323,80,357,11,40,288,98,17,165,90,1,2,0,10,10,0,29,276,36,908
260,2022,CAR,0,652,81,435,74,329,9,35,230,91,10,189,62,2,0,1,7,7,2,34,216,31,747
261,2022,CHI,0,622,125,383,50,194,14,20,124,43,14,201,50,0,0,0,9,9,0,23,198,38,996
262,2022,CIN,0,555,94,396,47,165,14,30,163,102,13,133,75,0,0,0,11,11,1,33,340,29,596
263,2022,CLE,1,575,102,404,59,245,11,34,211,66,11,57,85,1,0,0,9,9,2,31,298,41,943
264,2022,DAL,0,692,69,365,77,368,22,54,352,110,16,60,59,0,0,14,17,17,3,29,303,22,526
265,2022,DEN,0,599,115,447,56,257,16,36,245,81,15,89,67,0,1,0,8,8,0,37,308,24,420
266,2022,DET,1,629,129,357,59,296,14,39,267,100,12,157,62,1,1,0,10,10,0,20,264,34,889
267,2022,GB,1,599,111,391,55,215,12,34,204,87,17,351,63,2,1,-3,7,7,0,35,316,47,1205
268,2022,HOU,0,679,150,418,69,277,14,39,217,78,16,253,65,1,1,0,11,11,1,37,362,22,513
269,2022,IND,1,665,105,403,80,327,14,44,267,90,10,141,62,2,0,24,11,11,0,34,289,43,1197
270,2022,JAX,0,640,108,432,65,254,17,35,203,111,14,232,95,2,0,0,13,13,2,29,230,29,721
271,2022,KC,0,619,88,448,76,360,12,55,388,119,11,225,85,2,1,0,9,9,0,36,241,36,692
272,2022,LA,0,607,103,429,59,281,10,38,250,80,16,240,58,1,0,0,6,6,0,25,183,33,663
273,2022,LAC,0,553,108,368,65,333,15,40,287,77,14,166,64,1,1,0,10,10,0,29,339,27,512
274,2022,LV,0,615,97,433,57,234,10,27,192,94,6,141,55,1,0,0,7,7,2,27,156,32,668
275,2022,MIA,1,611,115,393,64,292,13,40,290,101,8,115,71,0,1,25,6,6,3,19,111,29,549
276,2022,MIN,1,685,120,368,66,282,11,38,241,88,15,186,87,0,0,27,10,10,1,26,167,36,920
277,2022,NE,1,597,131,453,62,336,13,53,346,93,19,383,69,5,0,-2,11,11,2,39,418,36,856
278,2022,NO,0,626,88,406,63,283,13,48,279,87,7,110,67,1,0,0,7,7,0,27,243,27,595
279,2022,NYG,0,598,123,415,62,280,20,40,271,106,6,97,75,1,0,6,13,13,1,29,179,26,555
280,2022,NYJ,1,621,109,413,68,322,11,44,294,130,12,69,73,0,2,20,4,4,0,21,240,31,666
281,2022,PHI,0,652,82,364,88,411,15,69,480,124,17,186,85,2,0,13,10,10,0,35,323,30,663
282,2022,PIT,0,564,106,440,56,269,9,40,287,84,20,152,82,1,0,0,3,3,0,27,160,24,510
283,2022,SEA,1,679,114,386,64,334,18,44,291,98,14,163,81,1,0,86,11,11,0,16,109,30,728
284,2022,SF,0,597,99,397,66,318,16,44,307,121,20,305,78,2,0,0,10,10,1,33,356,26,599
285,2022,TB,0,635,95,389,76,346,12,44,323,104,10,140,59,1,0,0,10,10,0,38,391,28,595
286,2022,TEN,0,644,129,381,60,292,11,39,264,104,14,149,78,1,0,0,6,6,1,36,303,37,792
287,2022,WAS,0,565,75,391,79,374,8,43,279,108,9,68,68,2,1,0,9,9,1,44,336,41,902
288,2023,ARI,0,605,126,420,64,288,6,33,233,59,11,98,66,0,0,0,6,6,1,31,286,18,382
289,2023,ATL,0,589,117,443,56,251,19,42,258,98,8,124,66,1,1,96,8,8,0,33,239,14,236
290,2023,BAL,1,616,111,379,77,419,16,58,435,117,18,258,92,1,1,0,13,13,0,29,417,13,319
291,2023,BUF,1,600,118,336,80,346,14,53,328,117,18,148,79,2,0,0,12,12,0,31,360,17,349
292,2023,CAR,1,542,107,435,55,289,5,27,193,74,8,203,64,2,0,0,3,3,0,37,322,24,637
293,2023,CHI,0,581,111,375,57,206,13,30,202,92,22,245,83,2,0,0,6,6,0,23,188,23,543
294,2023,CIN,1,588,112,412,60,273,11,44,257,110,17,152,74,1,0,0,9,9,0,34,346,17,387
295,2023,CLE,0,598,103,297,88,423,14,48,341,109,18,135,92,2,0,46,10,10,1,41,343,11,261
296,2023,DAL,1,549,110,386,73,353,14,45,296,99,17,249,74,5,1,58,9,9,1,18,98,18,393
297,2023,DEN,1,601,122,400,58,265,19,42,330,100,11,85,62,0,1,-1,15,15,1,20,326,16,398
298,2023,DET,0,600,90,344,68,391,13,41,357,116,16,209,79,1,1,50,6,6,0,29,331,19,421
299,2023,GB,0,626,114,418,64,317,10,45,288,108,7,68,68,1,0,23,11,11,1,26,189,31,783
300,2023,HOU,2,608,135,449,82,390,15,44,349,113,14,63,70,0,0,0,10,10,1,30,292,23,613
301,2023,IND,1,660,137,407,76,378,17,51,315,108,15,256,69,3,1,18,9,9,1,29,267,9,200
302,2023,JAX,0,596,109,371,61,306,12,40,279,107,16,264,84,2,0,0,11,11,0,29,297,29,688
303,2023,KC,0,628,87,309,75,380,15,57,351,125,8,69,72,0,0,0,9,10,2,41,380,12,241
304,2023,LA,0,546,120,430,65,304,7,41,267,91,10,100,76,0,2,0,5,5,0,28,204,9,145
305,2023,LAC,1,642,117,345,70,351,15,48,334,88,9,31,83,0,0,0,12,12,0,24,385,18,390
306,2023,LV,0,636,113,425,69,337,14,46,290,89,13,268,56,3,1,0,9,9,2,25,249,11,262
307,2023,MIA,0,589,123,375,70,350,15,56,371,139,15,270,81,4,0,0,12,12,0,27,265,18,441
308,2023,MIN,0,636,125,441,57,278,22,43,302,91,11,112,67,0,0,0,11,11,2,37,289,19,477
309,2023,NE,1,625,117,421,64,309,15,36,248,78,10,96,66,0,1,4,8,8,1,33,208,18,471
310,2023,NO,1,557,96,420,62,275,8,34,244,77,18,185,99,1,0,0,11,11,1,32,392,22,466
311,2023,NYG,1,649,85,377,64,299,19,34,259,83,18,404,81,3,0,0,13,13,0,35,311,13,249
312,2023,NYJ,1,615,120,410,78,343,14,46,304,107,17,212,91,2,3,0,10,10,1,33,319,24,542
313,2023,PHI,0,651,71,367,67,274,16,43,255,106,9,207,74,2,1,0,8,8,1,29,417,13,254
314,2023,PIT,0,613,117,355,72,328,19,47,304,107,16,184,80,1,1,0,11,11,1,30,257,24,565
315,2023,SEA,0,658,120,468,82,370,13,47,298,97,11,177,77,3,0,10,8,8,0,25,265,26,680
316,2023,SF,0,606,104,366,69,349,10,48,307,122,22,309,84,1,1,0,6,6,0,34,273,20,437
317,2023,TB,0,627,113,409,72,352,18,47,325,84,13,93,64,1,1,0,12,12,0,25,234,16,327
318,2023,TEN,0,634,145,441,72,355,13,45,315,84,6,86,55,1,0,11,8,8,0,42,330,18,372
319,2023,WAS,0,629,111,427,75,267,10,38,164,84,8,85,78,0,0,51,10,10,1,35,278,24,601
320,2024,ARI,1,566,91,497,87,351,17,41,256,76,9,12,63,0,2,0,8,8,2,21,202,25,709
321,2024,ATL,0,628,67,445,79,307,12,31,187,74,12,187,66,3,1,0,6,6,1,21,200,30,791
322,2024,BAL,0,591,61,419,82,362,12,53,314,122,12,102,82,2,0,0,5,5,1,22,213,30,811
323,2024,BUF,0,604,101,425,93,426,18,37,246,94,16,145,60,2,1,0,16,16,1,27,313,24,621
324,2024,CAR,0,650,72,566,65,299,8,32,223,64,9,96,67,0,0,37,8,8,0,24,177,42,1060
325,2024,CHI,2,590,113,447,81,331,17,40,254,100,11,87,66,1,0,21,13,13,0,24,304,27,768
326,2024,CIN,1,592,82,458,72,315,14,36,217,105,15,249,79,2,1,0,10,10,0,34,248,39,1133
327,2024,CLE,1,587,113,403,112,420,12,41,267,108,4,-2,60,0,1,50,8,8,1,45,450,41,1018
328,2024,DAL,3,631,51,447,70,371,18,51,330,105,13,97,70,1,0,0,9,9,0,19,187,34,1091
329,2024,DEN,0,608,87,461,94,444,12,63,360,142,15,430,68,3,2,0,9,9,2,26,408,13,364
330,2024,DET,1,574,61,345,70,316,13,37,256,110,16,155,81,1,0,31,8,8,0,37,479,15,471
331,2024,GB,0,608,84,426,95,436,16,45,301,91,17,288,56,1,0,0,14,14,0,19,158,20,564
332,2024,HOU,0,602,71,385,106,487,11,49,336,98,19,275,89,1,1,0,9,9,2,42,340,23,722
333,2024,IND,0,628,128,496,88,393,18,36,243,83,16,105,57,0,0,0,9,9,1,26,256,22,644
334,2024,JAX,1,655,70,436,82,354,5,34,230,68,6,41,74,0,0,0,3,3,1,27,318,29,746
335,2024,KC,0,623,52,374,87,364,15,39,250,112,13,102,71,0,0,57,7,7,1,31,307,29,785
336,2024,LA,1,561,95,489,72,398,10,38,308,72,13,145,73,2,1,22,7,7,1,18,161,29,794
337,2024,LAC,0,612,60,406,77,309,8,45,235,97,15,173,87,1,0,0,6,6,0,22,263,21,581
338,2024,LV,0,571,81,477,83,367,6,37,293,86,10,130,80,1,0,49,3,3,0,27,264,23,680
339,2024,MIA,0,553,70,412,83,364,8,35,247,81,10,21,69,0,0,2,6,6,0,28,268,26,755
340,2024,MIN,0,586,88,432,96,464,12,48,342,113,24,140,95,2,0,37,9,9,1,24,164,14,341
341,2024,NE,0,582,91,493,63,219,14,28,153,66,7,49,73,0,0,0,5,5,1,30,427,26,662
342,2024,NO,1,671,54,452,77,400,12,39,240,84,14,169,93,0,1,9,3,3,0,24,301,37,1000
343,2024,NYG,2,565,91,525,96,370,16,45,289,94,5,52,60,0,0,60,10,10,0,30,228,36,1019
344,2024,NYJ,1,624,83,413,89,383,14,42,308,84,7,18,56,0,0,0,10,10,0,33,266,29,878
345,2024,PHI,0,579,55,399,81,346,22,41,305,87,13,166,90,1,0,0,13,13,0,28,257,33,875
346,2024,PIT,1,598,70,428,84,388,22,40,275,105,17,209,78,0,0,0,16,16,1,28,289,25,575
347,2024,SEA,1,613,84,472,74,383,14,44,325,112,13,268,74,2,1,0,5,5,2,25,186,38,1065
348,2024,SF,1,585,74,420,67,246,13,36,190,80,11,167,72,1,0,61,6,6,0,32,294,31,884
349,2024,TB,1,614,72,388,81,398,16,46,317,114,7,28,61,0,1,23,11,11,1,21,159,31,816
350,2024,TEN,0,598,101,443,92,339,10,32,202,67,11,86,53,0,2,0,6,6,0,34,253,40,1081
351,2024,WAS,0,606,67,481,86,405,16,43,271,88,7,153,59,1,0,34,10,10,0,25,260,37,1082
352,2025,ARI,0,256,11,213,33,130,5,12,80,35,4,31,40,0,1,0,3,3,1,10,123,27,693
353,2025,ATL,0,190,7,173,25,95,4,15,87,33,6,22,27,0,0,0,3,3,0,8,57,24,501
354,2025,BAL,0,236,11,185,25,93,3,8,53,28,1,61,14,0,0,5,2,2,1,7,111,31,762
355,2025,BUF,0,245,7,109,35,159,8,15,84,28,2,28,16,0,0,0,3,3,0,11,64,26,671
356,2025,CAR,0,243,8,168,25,109,1,11,69,24,6,75,28,1,0,0,1,1,0,11,66,22,514
357,2025,CHI,0,216,19,161,27,106,4,12,56,27,11,204,27,1,0,0,5,5,0,11,121,26,670
358,2025,CIN,0,269,13,245,22,83,2,11,58,28,8,38,30,0,0,0,1,1,0,6,78,33,793
359,2025,CLE,0,221,24,212,46,176,7,18,129,36,5,97,25,1,0,0,3,3,0,13,103,27,644
360,2025,DAL,0,286,6,220,35,169,5,14,102,41,3,89,15,1,0,0,3,3,0,8,61,32,768
361,2025,DEN,0,250,9,211,35,186,4,34,202,73,2,21,39,0,0,0,3,3,0,17,209,28,686
362,2025,DET,1,255,7,173,28,144,9,23,144,42,7,51,42,0,1,0,4,4,0,12,125,25,636
363,2025,GB,0,215,14,202,32,127,1,18,112,52,2,0,24,0,0,37,1,1,0,13,71,19,505
364,2025,HOU,0,219,12,132,30,147,4,14,108,31,7,68,27,0,0,1,3,3,1,14,150,16,409
365,2025,IND,0,270,11,193,37,171,2,19,126,54,9,96,34,1,0,0,2,2,0,5,35,26,764
366,2025,JAX,1,235,10,184,24,82,5,8,59,35,10,186,44,1,0,0,4,4,0,13,172,22,557
367,2025,KC,0,237,7,171,29,76,3,13,52,38,4,25,22,0,0,0,3,3,0,12,106,25,672
368,2025,LA,0,281,17,203,35,194,7,26,171,58,4,0,38,0,0,0,5,5,0,15,126,23,556
369,2025,LAC,0,250,10,184,35,146,2,17,96,36,6,31,35,0,0,0,1,1,0,11,90,28,713
370,2025,LV,0,261,17,195,43,150,5,14,86,31,3,19,25,0,0,0,4,4,0,10,106,28,744
371,2025,MIA,1,282,12,178,28,125,6,14,92,28,1,7,18,0,0,0,5,5,0,9,163,38,1011
372,2025,MIN,0,224,10,178,36,148,8,16,97,27,2,87,15,1,0,0,5,5,1,18,176,26,652
373,2025,NE,2,244,19,189,39,116,4,17,90,35,5,90,20,0,0,0,4,4,1,9,208,28,705
374,2025,NO,0,276,13,173,33,107,5,13,72,34,4,0,31,0,0,0,5,5,1,8,112,32,758
375,2025,NYG,0,283,8,184,38,141,2,14,102,40,4,161,40,0,0,0,1,1,0,16,149,29,791
376,2025,NYJ,1,247,12,220,32,110,7,10,63,24,0,0,28,0,1,50,1,1,0,14,135,40,1126
377,2025,PHI,2,277,12,190,25,83,4,11,61,38,5,83,36,1,0,96,2,2,0,5,48,32,704
378,2025,PIT,0,265,8,184,37,158,7,22,141,59,5,52,37,0,0,0,5,5,0,7,66,24,623
379,2025,SEA,2,290,18,194,41,177,0,23,165,57,8,102,40,0,0,8,0,0,0,16,238,26,739
380,2025,SF,0,252,8,202,33,113,8,9,60,19,0,0,21,0,0,0,6,6,0,13,115,22,534
381,2025,TB,0,273,10,180,45,236,4,20,158,44,5,90,30,1,1,0,3,3,0,14,199,31,751
382,2025,TEN,0,264,19,205,30,122,1,13,93,35,4,17,19,0,0,0,4,4,1,7,97,31,816
383,2025,WAS,1,242,12,232,37,149,4,19,120,42,2,23,31,0,1,0,1,1,0,14,194,30,934
